customer_id,customer_name,email,registration_date,customer_type
1,Allison Hill,donaldgarcia@example.net,2025-09-20 07:33:32,PREMIUM
2,Angie Henderson,davisjesse@example.net,2024-01-16 10:13:48,PREMIUM
3,Cristian Santos,lrobinson@example.com,2025-11-17 05:11:07,REGULAR
4,Abigail Shaffer,jpeterson@example.org,2025-07-06 07:09:23,REGULAR
5,Gabrielle Davis,howardmaurice@example.com,2023-12-06 15:24:52,PREMIUM
6,Monica Herrera,smiller@example.net,2025-05-21 20:43:57,PREMIUM
7,Shannon Ray,williamsjeremy@example.com,2025-04-26 12:53:27,REGULAR
8,Dr. Sharon James,xreid@example.org,2024-03-08 03:42:04,REGULAR
9,Daniel Adams,lynchgeorge@example.net,2023-09-06 00:31:50,REGULAR
10,Joel Nelson,gabriellecameron@example.org,2023-08-30 12:41:45,PREMIUM
11,Andrew Stewart,carl95@example.org,2023-06-08 18:40:31,REGULAR
12,Jennifer Rocha,ithomas@example.org,2024-06-18 07:35:55,PREMIUM
13,Kimberly Burgess,zhurst@example.com,2024-12-14 16:36:03,VIP
14,Zachary Hicks,camposmichelle@example.org,2024-08-11 00:47:04,REGULAR
15,Rebecca Henderson,cruzcaitlin@example.com,2025-09-03 13:23:25,PREMIUM
16,Tricia Valencia,frazierdanny@example.net,2025-06-15 21:14:53,REGULAR
17,Patricia Peterson,ryan70@example.net,2025-10-24 05:41:00,REGULAR
18,Deborah Mason,williamrodriguez@example.net,2023-05-04 22:51:37,PREMIUM
19,Mark Lynch,nathanielmartin@example.net,2024-08-13 12:07:58,PREMIUM
20,Linda Burns,hickmannatasha@example.com,2024-07-20 17:55:46,REGULAR
21,David Bradley,millertodd@example.org,2025-11-07 01:56:29,VIP
22,Kim Martinez,karroyo@example.com,2025-10-03 16:30:37,PREMIUM
23,Lisa Brandt,jenniferross@example.net,2025-04-09 18:10:40,REGULAR
24,Jessica Holmes,wrightcaleb@example.org,2024-08-12 11:07:27,VIP
25,Crystal Robinson,zimmermanbrian@example.org,2025-12-05 00:32:14,PREMIUM
26,Shannon Jones,joshuawashington@example.net,2023-03-28 21:31:04,REGULAR
27,Timothy Duncan,esanchez@example.com,2024-05-05 00:56:31,REGULAR
28,Brent Jordan,ujenkins@example.org,2025-05-31 02:00:17,REGULAR
29,Victoria Garcia,zchandler@example.org,2025-10-15 04:31:28,PREMIUM
30,Connor West,dwhite@example.org,2025-09-25 15:15:17,REGULAR
31,Angela Morton,williamsyvette@example.org,2024-01-19 02:56:23,REGULAR
32,Tammy Allison,richardolson@example.com,2025-06-27 02:56:43,REGULAR
33,Carmen Smith,ybaker@example.com,2024-07-16 08:12:20,VIP
34,Michael Cross,smoore@example.org,2025-03-02 12:31:01,PREMIUM
35,Lauren Daniels,brian97@example.net,2023-06-20 08:00:57,REGULAR
36,Kim Brown,yorkcasey@example.org,2025-11-23 02:10:42,REGULAR
37,Cynthia Wilson,bethwilliams@example.org,2024-08-15 19:47:53,REGULAR
38,Kevin Mills,james53@example.com,2024-01-26 13:23:51,PREMIUM
39,Michael Evans,sarah10@example.com,2023-01-18 20:02:36,REGULAR
40,Kristine Garcia,williamanderson@example.com,2025-04-14 03:42:17,PREMIUM
41,Sherry Wood,samueldaniels@example.com,2024-06-12 10:39:39,REGULAR
42,Victoria Valdez,contrerasangela@,2024-12-05 20:02:45,PREMIUM
43,Shawn Baker,newtoneric@example.com,2025-02-16 15:12:10,REGULAR
44,Michelle Harris,william40@example.org,2023-06-15 07:16:58,REGULAR
45,Sandra Williams,kellie42@example.net,2025-09-19 13:45:49,REGULAR
46,Michael Hoffman,jonesnicole@example.org,2024-08-03 20:31:07,REGULAR
47,Sandra Aguilar,russellwilliams@example.com,2025-04-03 21:01:04,REGULAR
48,Rebecca Valencia,jason31@,2025-01-29 00:32:28,PREMIUM
49,Stacey Russell,sarayoung@example.org,2024-04-22 16:57:27,REGULAR
50,Rita Keith,whitesandra@example.com,2025-05-31 08:35:59,REGULAR
51,Sharon Cochran,erik16@example.org,2025-01-24 23:02:15,VIP
52,Courtney Velasquez,ybailey@example.org,2025-04-07 12:43:31,REGULAR
53,Matthew Ross,michelle45@example.net,2025-01-08 07:48:40,REGULAR
54,Meghan Anthony,sheila14@example.org,2025-03-30 17:06:16,REGULAR
55,Victoria Johnson,yreed@example.com,2023-11-26 00:24:33,PREMIUM
56,William Wilson,jonathanfletcher@example.org,2025-12-07 16:07:46,REGULAR
57,Renee Mcdaniel,michaeljones@example.net,2025-11-09 10:18:17,REGULAR
58,Lisa Alvarado,cortezkevin@example.com,2025-03-15 00:37:33,REGULAR
59,Erika Terry,jamesortega@example.com,2023-04-10 11:03:30,REGULAR
60,Stephanie Gilbert,richard04@example.com,2023-12-24 11:17:56,REGULAR
61,Richard Lawson,steven73@example.net,2025-09-07 09:13:25,REGULAR
62,Steven Flynn,donnacampbell@example.net,2023-02-18 19:09:35,REGULAR
63,Frances Cardenas,emilywalker@example.org,2024-01-05 17:27:21,REGULAR
64,Angel Riggs,gibsonolivia@example.net,2025-04-17 16:05:53,VIP
65,Michael Snyder,dylanwatts@example.org,2025-06-06 02:01:46,REGULAR
66,Colleen Brock,pwilliams@example.org,2025-01-04 17:42:33,REGULAR
67,Robert Contreras,stephanie79@example.net,2023-05-31 13:50:33,REGULAR
68,Jessica Meadows,vmerritt@example.com,2024-09-30 15:00:13,PREMIUM
69,Paul Larsen,katie87@example.net,2025-11-12 00:50:59,PREMIUM
70,Jeremiah Reeves,josephflores@example.net,2023-04-05 03:48:15,REGULAR
71,Chris Reyes,jasminebrown@example.com,2023-06-19 17:50:41,REGULAR
72,John Brown,xprice@example.net,2024-11-27 21:31:31,REGULAR
73,Alicia Gilmore,wwoods@example.com,2024-12-19 16:01:28,VIP
74,Sarah Ashley,vmedina@example.net,2024-11-19 09:06:41,PREMIUM
75,Stephanie Freeman,ryan06@example.com,2023-06-02 02:18:07,VIP
76,Rebecca Ramsey,ncalhoun@example.net,2023-01-23 22:12:45,VIP
77,James Elliott,millerroy@example.com,2024-01-03 04:51:58,REGULAR
78,David Murphy,wmurphy@example.com,2023-11-29 01:04:36,VIP
79,Trevor Fisher,ruizkaitlyn@example.org,2023-09-13 18:07:00,VIP
80,Mrs. Marie Harrington DDS,herringjames@example.org,2024-02-16 23:29:11,PREMIUM
81,Cynthia Wells,elliottjeffery@example.net,2024-03-19 02:51:43,VIP
82,Jacob Obrien,stricklandfrank@example.com,2025-05-13 08:32:41,REGULAR
83,Alexander Collins,tsanders@example.org,2023-10-22 23:54:20,VIP
84,Michael Burton,terrykevin@example.net,2025-06-18 17:24:22,REGULAR
85,Barbara Riggs,reedross@example.com,2024-05-02 04:02:05,REGULAR
86,Matthew Smith,gshort@example.com,2025-02-20 03:37:15,REGULAR
87,Madison Poole,ryangross@example.net,2023-03-30 08:37:27,REGULAR
88,Robert Medina,umarshall@example.net,2023-10-16 16:03:24,REGULAR
89,Samuel Rivas,ramirezshannon@example.com,2024-01-01 09:02:12,VIP
90,Mary Rogers,lrosales@example.com,2025-06-03 23:02:19,REGULAR
91,Robert Peterson,angela83@example.org,2025-08-20 04:12:59,PREMIUM
92,Jason Peters,hannahbrewer@example.com,2025-05-28 01:11:13,VIP
93,Alan Phillips,tholt@example.net,2023-11-14 07:20:05,REGULAR
94,Kara Schmidt,jbarajas@example.com,2024-02-17 14:49:36,PREMIUM
95,Jesse Parker,davidlee@example.org,2024-04-11 00:42:06,VIP
96,Tiffany Vaughn,javierwashington@,2023-04-23 16:36:12,REGULAR
97,Paige Carlson,wallkenneth@example.com,2023-06-05 07:34:16,REGULAR
98,Adrian Ferguson,brandon08@example.com,2024-02-16 23:23:17,REGULAR
99,Beth Oneill,agarcia@example.net,2023-04-17 20:43:33,REGULAR
100,John Peterson,kingmichelle@example.org,2023-09-03 01:13:41,REGULAR
101,Jennifer Jones,hernandezlisa@example.com,2024-04-14 22:39:23,VIP
102,David Grant,yobrien@example.net,2025-10-12 22:00:15,PREMIUM
103,Joseph Hayes,levans@example.com,2025-05-11 13:04:18,PREMIUM
104,Marc Lynch,mezajared@example.org,2023-07-28 14:44:08,PREMIUM
105,Brad Allen,moorericky@example.net,2025-05-09 09:40:20,REGULAR
106,Doris Hall,jacqueline71@example.net,2023-11-24 04:50:33,REGULAR
107,Dennis Moody,ronaldstephens@example.net,2025-09-12 06:06:17,REGULAR
108,Derek Thomas,martinkyle@example.net,2024-01-26 02:28:43,PREMIUM
109,Tammy Gonzales,sbarker@example.com,2023-05-24 09:08:10,PREMIUM
110,Kathryn Snyder,georgepamela@,2023-03-10 11:40:25,PREMIUM
111,David Davis,keyemily@example.com,2024-02-11 22:24:00,REGULAR
112,Pamela Thompson,lmoon@example.net,2024-10-26 09:19:26,REGULAR
113,Robert Costa,vbailey@example.com,2025-12-09 11:04:43,REGULAR
114,Shannon Rivera,zroberts@example.net,2024-07-27 13:22:10,REGULAR
115,Brandon King,cordovarichard@example.net,2023-07-17 23:30:48,REGULAR
116,April Booth,mgutierrez@example.net,2023-03-03 23:23:19,REGULAR
117,Peter Garrett,harrisandrea@example.com,2024-01-23 15:08:34,REGULAR
118,Michael Martinez,jennifercollins@example.org,2025-05-19 17:58:13,REGULAR
119,Anna Gay,murraydavid@example.org,2025-08-22 03:56:17,VIP
120,Dr. Jordan Hill PhD,jsanchez@example.org,2024-01-03 18:12:26,VIP
121,Thomas Romero,michellehill@example.com,2023-10-03 00:59:26,REGULAR
122,Richard Adams,campbellkenneth@example.net,2024-05-31 00:46:18,REGULAR
123,Mary Grimes,wryan@example.com,2025-11-06 15:56:52,PREMIUM
124,Kimberly Gibson,molly39@example.com,2024-02-19 11:14:16,PREMIUM
125,Reginald Williams,zthornton@example.com,2024-08-17 06:11:20,PREMIUM
126,Matthew Hoover,tylerjohnson@example.net,2023-12-12 12:55:48,VIP
127,Evelyn Garcia,dgarcia@example.org,2024-06-27 04:12:39,PREMIUM
128,Jennifer Pena,charlesharrington@example.com,2023-12-20 13:22:29,PREMIUM
129,Michael Santos,melissa86@example.com,2024-09-10 23:53:18,PREMIUM
130,Stacy Freeman,williamsonjimmy@example.net,2024-03-09 14:32:02,REGULAR
131,Yolanda Francis,wgood@example.net,2025-11-21 14:16:17,REGULAR
132,Ashlee Jackson,rebecca05@example.org,2023-02-12 21:01:21,VIP
133,James Thomas,yknight@example.org,2023-10-05 09:29:26,VIP
134,Bob Pitts,tyleraguilar@example.org,2023-03-01 10:19:54,REGULAR
135,David Scott,nolansteven@example.com,2024-05-02 06:44:16,VIP
136,Brooke Alexander,vanessa46@example.net,2023-06-29 15:35:14,REGULAR
137,Ryan Gonzalez,gcastaneda@example.org,2024-01-31 16:44:36,REGULAR
138,Ian Phillips,andrew64@example.org,2025-03-18 16:02:07,REGULAR
139,Melissa Garner,lozanojulie@example.com,2025-11-07 18:50:34,REGULAR
140,Crystal Pham,danaoliver@example.net,2025-10-28 20:34:32,PREMIUM
141,Patricia Becker,courtneyberger@example.net,2025-10-27 12:52:39,PREMIUM
142,Richard Johnson,jessica14@example.com,2024-04-11 12:49:32,PREMIUM
143,Casey Anderson,alyssa42@example.com,2024-05-21 16:58:48,REGULAR
144,Terry Coffey,julie51@example.com,2023-07-17 17:37:59,PREMIUM
145,Brenda Levy,zcoffey@example.net,2024-08-11 23:33:37,VIP
146,Richard Smith,gibsonemily@example.net,2025-08-14 04:03:33,REGULAR
147,James Little,daniel37@example.org,2023-01-01 15:08:04,REGULAR
148,Terri Murphy,deborahreid@example.com,2025-06-19 23:23:59,REGULAR
149,Elizabeth Ortiz,brandonjohnson@example.com,2024-11-17 06:58:35,REGULAR
150,David Medina,qchavez@example.net,2025-01-05 01:39:34,VIP
151,Kimberly Matthews,nicolepena@example.com,2023-09-21 14:33:13,REGULAR
152,Teresa Ramirez,jeff73@example.com,2025-10-28 06:15:53,REGULAR
153,Michael Stephens,bruce43@example.org,2023-12-31 20:32:09,REGULAR
154,Samantha Davis,darleneharper@example.org,2023-11-06 08:06:07,REGULAR
155,Gavin Zhang,caseyhubbard@example.org,2025-01-08 02:22:00,PREMIUM
156,Robin Hall,kristinacarlson@example.com,2024-12-08 11:08:43,PREMIUM
157,Brianna Anderson,lauren10@example.org,2023-10-30 01:04:15,REGULAR
158,Richard Young,alfred40@example.org,2024-09-12 20:08:19,PREMIUM
159,Kelly Reese,xwest@example.net,2023-01-09 14:43:32,PREMIUM
160,Jodi Walker,acostaregina@example.net,2023-06-15 13:51:44,REGULAR
161,Judith Maynard,lutzmelanie@example.com,2025-12-17 01:28:17,REGULAR
162,Katherine Browning,lammarc@example.org,2024-01-23 02:47:06,REGULAR
163,Donald Schultz,oscar98@example.com,2023-07-27 03:14:31,PREMIUM
164,Larry Garcia,farrelldebra@example.net,2025-05-18 06:14:42,VIP
165,Cindy Hayes,robertwilcox@example.com,2024-11-18 12:19:59,PREMIUM
166,Brandon Simmons,nicholas27@example.org,2025-02-23 03:29:38,VIP
167,Bradley Reynolds,lisa80@example.net,2024-11-23 16:51:51,PREMIUM
168,Kristina Santiago,qgomez@example.com,2025-01-07 09:08:44,PREMIUM
169,Michelle Schmitt,michael98@example.org,2025-09-17 13:44:29,PREMIUM
170,John Boone,megan51@example.com,2025-01-22 19:05:10,REGULAR
171,Renee Bruce,lynchdiane@example.net,2023-05-01 08:47:19,REGULAR
172,Christopher Park,sandra50@example.org,2024-06-05 17:18:13,REGULAR
173,Kylie Morales,joycebonilla@example.org,2023-08-03 22:57:32,REGULAR
174,Cindy Barnes,eric45@example.net,2023-08-26 08:59:35,REGULAR
175,Sophia Moore,craigjoseph@example.net,2024-09-25 04:24:21,REGULAR
176,Lawrence Perry,kariwilson@example.com,2023-04-07 17:26:02,REGULAR
177,Michael Watkins,brandon69@example.org,2025-06-26 08:03:31,REGULAR
178,Eric Clark,kathrynroberts@example.org,2025-06-13 07:17:30,REGULAR
179,Paul Thompson,opatel@example.net,2024-06-30 10:31:07,REGULAR
180,Mary Gomez,chensley@example.com,2024-10-12 22:14:44,PREMIUM
181,Thomas Atkins,tberry@example.net,2025-07-26 02:53:11,REGULAR
182,Brian Smith,george97@example.net,2024-02-28 23:45:57,REGULAR
183,Anita Richard,ryanmorales@example.org,2024-06-06 03:49:03,PREMIUM
184,Eric Morgan,kimberly18@example.net,2023-09-14 09:18:48,VIP
185,Jordan Bullock,michael23@example.org,2025-08-24 15:25:15,VIP
186,Craig Morrison,thompsonkendra@example.com,2025-07-08 11:21:43,REGULAR
187,Justin Riley,michelle52@example.com,2025-09-25 11:26:37,PREMIUM
188,Jeremy Turner,brittany58@example.org,2023-10-10 07:20:57,REGULAR
189,Jesse Brown,chase19@example.net,2023-11-25 19:16:02,REGULAR
190,Julie Spencer,colelisa@example.net,2024-08-11 22:50:59,VIP
191,Larry Mason,hayeslisa@example.com,2024-10-16 21:04:33,REGULAR
192,Mrs. Maria Williams,hritter@example.net,2023-01-31 02:39:40,REGULAR
193,Helen Hardin,vortiz@example.net,2024-06-27 15:28:02,REGULAR
194,Rachel Holland,riveraangela@example.com,2025-10-09 11:10:29,REGULAR
195,Nathaniel Douglas,mathewaguilar@example.org,2024-01-20 03:23:23,REGULAR
196,Emily Douglas,tanderson@example.org,2023-08-25 17:13:32,REGULAR
197,James Conner,elizabethcalderon@example.net,2023-06-27 16:44:51,REGULAR
198,Susan Davis DDS,andrew42@example.org,2025-12-22 13:56:39,REGULAR
199,Ralph Lee,ericphillips@example.org,2025-07-30 05:19:00,PREMIUM
200,Kimberly Rodgers,stanleynancy@example.net,2023-06-27 22:05:41,REGULAR
201,James Martin,jenniferwilliams@example.com,2024-04-28 04:22:17,REGULAR
202,Cynthia Wallace,karen73@example.net,2024-04-29 14:36:32,VIP
203,Vincent Mueller,michealvalentine@example.com,2024-08-06 00:27:27,PREMIUM
204,Douglas Reyes,mburch@example.net,2023-04-29 01:21:14,PREMIUM
205,David Davidson,angela18@example.org,2024-01-13 06:04:52,PREMIUM
206,Phillip Nelson,mariahdavis@example.org,2025-11-28 23:01:33,REGULAR
207,Stacey Arias,gbrown@example.com,2025-05-29 03:29:41,REGULAR
208,Zachary Brooks,florescory@example.net,2024-10-27 11:05:23,REGULAR
209,Raven Taylor,samantha72@example.net,2025-10-02 22:09:44,PREMIUM
210,Luis Bullock,scottmary@example.net,2025-01-31 12:02:39,VIP
211,Lisa Henderson,john10@example.org,2025-09-14 08:19:48,REGULAR
212,Riley Bryant,copelandvincent@example.net,2023-08-26 15:55:24,PREMIUM
213,Jose Allen,kellysmith@example.com,2025-10-07 10:48:36,PREMIUM
214,Jason Beck,millsmichael@example.net,2025-04-16 00:32:24,REGULAR
215,Rachel Romero,myerstheodore@example.net,2025-07-09 09:03:17,PREMIUM
216,James Burgess,kristina53@example.net,2023-05-15 15:01:37,REGULAR
217,Ashley Perkins,dennis58@example.com,2024-12-22 21:35:14,PREMIUM
218,Carrie Maxwell,epollard@example.net,2024-06-06 13:46:30,PREMIUM
219,Chad Baldwin,mjohnson@example.org,2023-10-10 11:28:52,REGULAR
220,Stacey Stewart,zachary87@example.com,2024-02-06 08:04:33,PREMIUM
221,Matthew Mitchell,glennmartin@example.org,2025-12-25 06:01:29,REGULAR
222,Jessica Ross,ykline@example.com,2025-03-13 13:15:35,REGULAR
223,Kathleen Jimenez,laurie61@example.com,2024-09-23 08:44:19,PREMIUM
224,Samantha Gardner,curtis54@example.com,2025-12-08 19:46:56,PREMIUM
225,Mitchell Jackson,cbell@example.net,2024-11-27 05:09:29,REGULAR
226,Heather Bolton,danielle01@example.net,2023-12-11 05:42:45,REGULAR
227,Heidi Owen,stephaniethomas@example.net,2025-10-28 10:13:25,REGULAR
228,Jessica Martinez,kimberlydiaz@example.com,2025-04-04 18:12:15,VIP
229,Amanda Hernandez,xrush@example.com,2025-05-04 23:58:10,PREMIUM
230,Laura Moreno,redwards@example.org,2024-02-25 20:29:47,REGULAR
231,Allison Lopez,hmcintyre@example.com,2023-10-27 04:03:46,PREMIUM
232,Michele Lewis,heather73@example.org,2025-12-08 03:09:44,REGULAR
233,Benjamin Thompson,zosborn@example.net,2025-01-22 04:13:54,REGULAR
234,Victoria Contreras,piercekelly@example.com,2025-03-25 23:52:48,VIP
235,Michelle Ho,laurahicks@example.org,2023-10-29 13:13:40,REGULAR
236,Dr. Cynthia Snyder,angela57@,2024-04-14 13:21:09,REGULAR
237,Stephen Jones,ukey@example.com,2023-03-26 16:52:38,PREMIUM
238,Patricia Morrow,martinezlogan@example.org,2023-07-16 04:02:26,PREMIUM
239,Michael Cooper,katrinaanderson@example.net,2023-06-09 08:44:40,REGULAR
240,Amy Martinez,kevinmartin@example.net,2024-12-30 04:23:11,REGULAR
241,Travis Stone,meghan43@example.net,2023-03-21 19:27:46,PREMIUM
242,Denise Weber,shawgary@example.net,2023-06-27 05:28:36,REGULAR
243,Matthew Le,megan90@example.org,2023-04-26 01:59:00,PREMIUM
244,Travis Wise,debra96@example.net,2023-08-24 16:47:34,REGULAR
245,Kathleen Burton,dawn47@example.org,2024-04-16 23:48:32,REGULAR
246,Melinda Evans,barkereric@example.com,2025-05-16 22:28:14,PREMIUM
247,Mr. Lawrence Edwards,jessica56@example.org,2025-08-18 16:18:26,REGULAR
248,Kayla Rodriguez,stevenadams@example.org,2024-11-30 20:23:47,REGULAR
249,Anthony Dougherty,kwright@example.com,2025-07-03 05:48:26,REGULAR
250,Michelle Lee,tyronerobertson@example.com,2025-08-22 17:34:36,VIP
251,Kathleen Davis,pwagner@example.org,2023-06-04 03:41:44,REGULAR
252,Amber Campbell,amitchell@example.org,2023-11-24 19:35:22,REGULAR
253,Stephen Luna,zdiaz@example.org,2024-01-08 14:49:19,REGULAR
254,Chloe Tran,hughesshannon@example.net,2023-01-05 03:45:29,PREMIUM
255,William Becker,andersoncolin@example.com,2024-12-30 23:36:25,REGULAR
256,Gina Mcmillan,jameshicks@example.net,2024-03-15 04:30:17,REGULAR
257,Andrew Reeves,jstone@example.net,2025-12-03 19:34:02,REGULAR
258,Brenda Velazquez,francisco94@example.net,2025-08-28 23:51:05,PREMIUM
259,Ronald Patel,thomas05@example.com,2023-11-04 07:14:05,REGULAR
260,Veronica Silva,carlsonjoseph@example.net,2025-10-03 01:34:21,REGULAR
261,Paula Lane,silvageorge@example.net,2023-08-09 22:57:11,REGULAR
262,Patricia James,anthonyvaughan@example.org,2024-04-22 20:35:58,PREMIUM
263,Jeremy Barnes,avaughn@example.net,2024-03-24 08:10:57,REGULAR
264,Tami Salas,thorntonapril@example.net,2024-04-17 09:20:28,VIP
265,Matthew Fox,sue78@example.com,2025-02-16 10:57:18,REGULAR
266,Megan Dillon,chelsea33@example.com,2025-07-18 00:25:22,REGULAR
267,Courtney Dudley,kellie37@example.com,2024-05-15 17:01:10,REGULAR
268,Justin Michael,keith98@example.com,2023-12-22 14:55:14,PREMIUM
269,Jennifer Reed,kellyroberts@example.net,2025-06-12 12:58:37,REGULAR
270,Thomas Douglas,ilewis@example.com,2025-11-10 08:28:26,REGULAR
271,Melissa Taylor,johnsantiago@example.net,2023-09-30 03:35:01,PREMIUM
272,David Garcia,jennifer12@example.org,2024-03-08 02:25:43,REGULAR
273,Vanessa Moore,mwoods@example.com,2025-09-13 02:29:22,VIP
274,Matthew Velez,pearsonjesse@example.net,2024-12-31 03:15:27,REGULAR
275,Taylor Gentry,robertmonroe@example.org,2025-11-07 00:23:17,REGULAR
276,Jennifer Simpson DVM,nancy04@example.net,2024-10-01 11:14:28,REGULAR
277,Tanya Rogers,ihays@example.net,2024-09-14 01:56:31,REGULAR
278,Todd Rosales MD,lisarivera@example.net,2024-12-07 13:08:20,REGULAR
279,David Lopez,krystal93@example.org,2023-06-30 01:52:13,REGULAR
280,Margaret Sullivan,frobertson@example.com,2025-03-10 09:32:19,REGULAR
281,Cathy Taylor,shari04@example.com,2025-04-22 21:21:19,REGULAR
282,Paul Finley,brandi90@example.com,2025-03-16 08:49:17,PREMIUM
283,Melissa Brown,marshallerik@example.net,2025-08-29 12:55:40,REGULAR
284,Stephanie Padilla,hannah45@example.net,2024-02-19 20:34:41,VIP
285,Tyler Mendoza,madkins@example.com,2024-11-11 14:09:06,REGULAR
286,Joshua Ruiz,kathleenbecker@example.net,2023-02-14 20:19:50,PREMIUM
287,Angela Griffin,christian91@example.org,2024-01-07 17:39:21,REGULAR
288,Stephanie Harris,franklinbond@example.com,2023-01-22 05:49:15,REGULAR
289,Daniel Aguilar,nolansean@example.org,2023-06-26 06:08:13,REGULAR
290,Jose Bryant,hansenemily@example.com,2023-08-28 04:27:34,PREMIUM
291,Jennifer Velasquez,bethwilliams@example.com,2025-03-01 12:07:25,REGULAR
292,Kimberly Brown,andersenthomas@example.com,2025-01-19 12:53:16,REGULAR
293,Randy Cannon,ybrooks@example.com,2025-05-06 08:39:06,REGULAR
294,Susan Bennett,desireebailey@example.org,2025-07-20 02:24:59,PREMIUM
295,Jenna Anderson DVM,avilatiffany@example.com,2023-04-19 10:42:30,PREMIUM
296,Kimberly Patel,johnreed@example.com,2024-10-06 14:10:29,PREMIUM
297,Shaun Cannon,pachecorobert@example.org,2024-02-20 00:55:07,REGULAR
298,Austin Wheeler,tharper@example.org,2024-04-08 18:58:07,REGULAR
299,Andrew Gonzales,karenparsons@example.org,2025-10-22 04:22:28,REGULAR
300,Donna Cabrera,barbara53@example.com,2025-04-16 15:44:21,REGULAR
301,Victoria Boyd,dturner@example.net,2025-04-24 04:32:28,VIP
302,Sheryl Buck,dpeters@example.com,2023-10-21 01:28:12,REGULAR
303,Megan Floyd,heather62@example.com,2024-08-17 22:11:17,PREMIUM
304,Paul Wells,kevinzimmerman@example.com,2023-03-09 19:17:21,REGULAR
305,Kristina Faulkner,paulscott@example.com,2024-08-15 05:19:38,PREMIUM
306,Tammy Boone,nicholsmaria@example.org,2025-10-09 21:01:48,REGULAR
307,Michael Morrison,lopezkathleen@example.net,2023-02-27 12:11:28,VIP
308,Claire Clark,kevin03@example.org,2024-05-30 17:39:34,PREMIUM
309,Autumn Key,srocha@example.net,2024-11-14 23:48:19,VIP
310,Jennifer Allen,kimberly67@example.net,2023-01-24 20:11:59,REGULAR
311,Elizabeth Ward,zowens@example.net,2025-10-14 04:01:01,REGULAR
312,Ryan Rocha,lawrence09@example.org,2024-02-16 16:45:55,PREMIUM
313,Alexis Tran,mphillips@example.com,2025-10-06 11:39:59,REGULAR
314,Kelly Sanchez,jonathan77@example.com,2025-11-13 13:52:10,REGULAR
315,Robert Jackson,iwhite@example.net,2024-05-06 21:59:00,PREMIUM
316,Kelly Combs,landryelizabeth@example.org,2025-01-28 00:00:02,REGULAR
317,Ryan Hall,albertwagner@example.com,2023-04-17 06:54:37,PREMIUM
318,Mark Peck,bhopkins@example.org,2024-03-22 10:15:56,PREMIUM
319,Jennifer Smith,amanda40@example.net,2024-11-05 03:37:44,PREMIUM
320,Megan Drake,danieldavis@example.org,2025-12-29 10:57:07,REGULAR
321,Manuel King,joseph61@example.com,2025-12-14 02:14:19,REGULAR
322,Judy Sanchez,kevinclayton@example.org,2024-05-18 21:33:50,REGULAR
323,Shannon Malone,sullivannicholas@example.com,2024-08-05 07:05:19,REGULAR
324,Adam Jackson,pbruce@example.com,2024-10-02 02:24:09,PREMIUM
325,Shannon Davis,hallrachel@example.net,2023-09-22 01:26:59,PREMIUM
326,Karen Williams,cohenjuan@example.net,2024-08-17 06:17:06,REGULAR
327,Amanda Mcfarland,alexis39@example.org,2025-06-24 21:40:25,REGULAR
328,Michelle Sanders,evansanne@example.net,2024-01-30 12:57:41,PREMIUM
329,Jasmine Mosley,patrick21@example.net,2024-12-23 17:53:54,PREMIUM
330,Haley Davis,marypeterson@example.net,2023-09-03 09:45:29,VIP
331,Jennifer Ayala,walterskristen@example.com,2025-07-01 18:15:39,VIP
332,Henry Pugh MD,nmiller@example.com,2025-12-08 08:45:11,PREMIUM
333,Michelle Miller,normanbowers@example.org,2023-11-06 11:20:52,PREMIUM
334,Emily Rodriguez,hahnsean@example.com,2023-06-15 16:19:19,REGULAR
335,Brandon Jordan,fgarcia@example.com,2025-06-11 22:32:31,PREMIUM
336,Linda Mueller,asmith@example.com,2023-02-04 01:58:02,PREMIUM
337,Misty Hansen,ashleyjackson@,2024-03-02 09:22:13,PREMIUM
338,Derrick Adams,bryanhamilton@example.com,2023-03-18 04:30:07,PREMIUM
339,Richard Ward,jennifersimpson@example.net,2024-03-20 14:05:28,REGULAR
340,Brian Torres,ncook@example.com,2024-07-01 07:28:38,REGULAR
341,Erin Cook,kevinmorrison@example.net,2024-01-25 08:02:39,PREMIUM
342,Ernest Oconnell,kelly79@example.org,2025-10-21 00:04:08,REGULAR
343,Douglas Hartman,daniel93@example.net,2023-05-31 22:32:01,PREMIUM
344,Catherine Saunders MD,nhahn@example.com,2024-04-24 21:51:09,REGULAR
345,Sandra Jones,ichambers@example.net,2024-07-20 19:00:45,REGULAR
346,David Moore,emccormick@example.com,2024-04-03 10:30:54,REGULAR
347,Karen Morales DDS,ystephens@example.com,2023-11-08 22:10:21,REGULAR
348,Robin Wheeler,rodriguezjohn@example.net,2024-07-22 08:09:26,VIP
349,Matthew Williams,vrasmussen@example.com,2023-09-13 14:39:38,PREMIUM
350,Brett Walker,seanmyers@example.net,2025-01-18 12:35:20,REGULAR
351,Kathryn Cooper,webbkenneth@example.org,2024-06-10 04:13:11,REGULAR
352,Todd Thomas,matthew38@example.com,2023-04-27 23:21:49,VIP
353,Brent Bowen,tflores@example.org,2025-11-16 15:10:33,VIP
354,Ashley Sweeney,byrdfrank@example.net,2025-05-15 18:07:13,PREMIUM
355,Christopher Moore,omullen@example.com,2023-01-22 14:55:30,REGULAR
356,Charlotte Sandoval,njohnson@example.org,2024-07-26 13:52:09,PREMIUM
357,Jeffrey Smith,jamiegoodwin@example.org,2025-06-27 01:58:47,PREMIUM
358,Rebecca Herrera,mark71@example.com,2024-07-31 01:32:28,REGULAR
359,Katherine Church,candice96@example.net,2023-02-08 20:59:11,VIP
360,Harold Ellis,lisamccarthy@example.com,2024-05-24 12:57:37,REGULAR
361,Leslie Powers,david41@example.org,2023-04-09 04:54:07,REGULAR
362,Charles Price,baileyhenderson@example.com,2025-12-25 02:03:04,REGULAR
363,Melissa Brewer,angelaburns@example.org,2023-08-06 03:15:53,REGULAR
364,Ryan Harvey,stephanie72@example.org,2025-02-04 06:22:37,REGULAR
365,Tracey Wagner,fortiz@example.com,2025-04-15 01:11:24,REGULAR
366,Jill Jackson,flynnjeffrey@example.org,2025-11-07 13:32:16,PREMIUM
367,Joshua Jackson,xcunningham@example.com,2025-04-19 03:50:09,PREMIUM
368,Ashley Wilson,amber07@example.net,2023-08-29 01:01:52,PREMIUM
369,Jeffery Fitzgerald,kennethkidd@example.com,2025-01-30 04:10:47,VIP
370,Scott Miller,rowejoel@example.net,2024-03-10 13:28:06,REGULAR
371,Heather Page,imartin@example.org,2024-11-19 18:31:10,REGULAR
372,Renee Hudson,candice25@example.net,2024-07-17 09:54:56,PREMIUM
373,Kenneth Farley,taylorkaren@example.com,2025-04-25 19:09:30,PREMIUM
374,Wendy Camacho,jacquelineanderson@example.org,2023-04-05 01:28:15,REGULAR
375,Sandra Juarez,kburns@example.net,2023-07-09 18:26:39,PREMIUM
376,Jason Hayes,powellkara@example.net,2023-05-23 09:49:58,PREMIUM
377,Jackie Clements,brandi17@example.net,2025-07-16 15:12:53,REGULAR
378,Heather Brown,brobinson@example.org,2024-06-02 02:07:21,REGULAR
379,Frank Campbell MD,ashleewashington@example.com,2025-05-27 00:59:33,PREMIUM
380,Pamela Williams,ksmith@example.com,2025-05-10 22:21:50,REGULAR
381,William Patterson,nicoleturner@example.com,2023-12-28 22:49:13,REGULAR
382,Isaac Miller,brettgarrett@,2025-07-14 19:48:21,REGULAR
383,Cynthia Rios,smiththomas@example.org,2023-07-21 22:27:28,PREMIUM
384,Kelly Wallace,dominguezlisa@example.com,2023-06-20 18:21:04,REGULAR
385,Karen Perez,crosscurtis@example.com,2023-01-24 02:01:59,PREMIUM
386,Edwin Reyes,darlenebyrd@example.org,2025-07-03 18:01:41,REGULAR
387,Alejandra Santos,nbell@example.net,2023-03-23 09:34:37,REGULAR
388,Tamara Jensen,fheath@example.org,2023-06-26 13:09:11,REGULAR
389,Bryce Blair,sylvia52@example.org,2024-07-16 09:47:28,REGULAR
390,Bradley Tran,kimberly04@example.org,2025-02-21 16:28:04,PREMIUM
391,Katrina Adkins,debbie37@example.com,2025-10-20 13:41:13,REGULAR
392,Jonathan Wheeler,hatfieldsarah@example.org,2023-02-18 09:22:48,REGULAR
393,Ryan Fisher,kathrynbest@example.org,2024-09-15 21:22:35,REGULAR
394,Austin Baker,livingstonstacy@example.com,2024-11-20 01:12:08,REGULAR
395,Lori Mason,zhenderson@example.org,2025-08-02 22:58:18,REGULAR
396,Kimberly Hernandez,collinswilliam@example.org,2025-08-27 20:14:35,REGULAR
397,Brittney Murphy,collinssamuel@example.org,2024-05-20 03:47:31,REGULAR
398,Brandon Hamilton,dsalazar@example.com,2024-04-03 02:35:05,PREMIUM
399,Mary Thompson,zimmermanjacqueline@example.org,2023-06-04 01:38:27,REGULAR
400,Gregory Holmes PhD,gary24@example.net,2025-10-14 01:28:05,PREMIUM
401,Patricia Johnson,enelson@example.com,2023-12-01 00:38:27,PREMIUM
402,Laura Jones,ddixon@example.com,2024-10-04 20:05:17,REGULAR
403,Carol Moore,shannonemily@example.org,2024-10-08 05:13:05,REGULAR
404,Jordan Williams,sanchezthomas@example.com,2024-04-30 11:43:23,REGULAR
405,Cassidy Horne,tranrobin@example.net,2023-08-26 02:47:29,REGULAR
406,Courtney Wright,joseph19@example.com,2023-05-22 17:06:23,REGULAR
407,Michael Williams,lindajarvis@example.com,2023-05-31 00:10:58,REGULAR
408,John Campbell,mark87@example.org,2023-07-22 03:03:20,REGULAR
409,Eddie Mueller,stevenvargas@example.com,2025-05-22 09:27:32,PREMIUM
410,Dr. Morgan Payne PhD,adamortiz@example.org,2024-09-30 04:03:21,PREMIUM
411,Makayla Steele,tapiaaaron@example.net,2024-10-19 00:13:43,PREMIUM
412,Oscar Parker,alyssaallen@example.com,2024-03-22 19:36:05,REGULAR
413,Valerie Thomas,christopher38@example.com,2025-06-16 18:21:50,REGULAR
414,Jacqueline Villegas,carpenterwilliam@example.net,2025-01-19 01:19:25,REGULAR
415,Angela Bradley,ibates@example.org,2025-05-14 03:04:48,PREMIUM
416,Samuel Howe,vhaynes@example.com,2025-06-10 19:59:58,REGULAR
417,Dillon Jones,derekcarrillo@example.org,2025-05-21 10:19:01,PREMIUM
418,Christopher Owens,wmartinez@example.org,2025-08-11 03:40:11,REGULAR
419,John Phelps,mooregina@example.net,2025-08-04 00:58:33,PREMIUM
420,Amanda Huff,eddie35@example.com,2024-02-20 11:10:26,REGULAR
421,Megan Green,anthonysullivan@example.com,2024-04-24 23:47:02,REGULAR
422,Krista Davis,laradonald@example.org,2023-10-09 19:17:21,REGULAR
423,Richard Walker,madisonwatson@example.net,2024-09-14 14:19:24,PREMIUM
424,Angela Willis,johnsoncaleb@example.net,2023-02-17 14:58:46,REGULAR
425,Carl Stein,david70@example.org,2024-08-07 09:32:38,REGULAR
426,Jessica Ramsey,rjohnson@example.com,2024-07-28 20:34:45,REGULAR
427,Daniel Lopez,sean20@example.net,2025-05-31 17:25:17,PREMIUM
428,Danielle Phillips,eandrade@example.org,2023-08-30 16:26:21,PREMIUM
429,James Barnes,crystalpham@example.org,2025-11-12 23:22:29,REGULAR
430,Rachael Howard DDS,kcooper@example.net,2024-10-20 16:24:59,REGULAR
431,Devin Johnson,anthonycochran@example.com,2024-02-29 08:23:53,REGULAR
432,William Moreno,terrigarcia@example.net,2024-06-20 04:58:36,REGULAR
433,Joseph Moody,gallagherstacie@example.net,2025-11-19 23:48:03,REGULAR
434,Rebecca Kelly,gregorywatkins@example.net,2024-04-24 02:42:30,REGULAR
435,Suzanne Johnson,stacey92@example.net,2025-07-20 00:27:14,REGULAR
436,Sara Cochran,lweaver@example.com,2023-11-25 03:22:24,PREMIUM
437,Anthony Guzman,foxaaron@example.net,2024-03-25 15:22:16,REGULAR
438,Carlos Love,brian29@example.net,2024-10-30 23:58:57,REGULAR
439,Patricia Mathis,susan56@example.net,2025-12-29 02:45:58,REGULAR
440,Eric Taylor,jessicakim@example.net,2025-11-03 18:38:27,REGULAR
441,Marie Thompson,jeffrey92@example.com,2023-03-07 17:08:33,REGULAR
442,Michael Anderson,rushstacy@example.com,2023-05-01 22:55:42,REGULAR
443,Patricia Bradley,carriemccall@example.net,2025-06-09 17:53:22,PREMIUM
444,Keith Zuniga,markmiller@example.com,2024-03-25 17:54:33,REGULAR
445,Mrs. Stacey Davis,sean43@example.org,2024-05-19 12:14:07,VIP
446,Hayley Buchanan,williamssamuel@example.com,2024-12-15 17:39:20,VIP
447,Stacey Snyder,ybell@example.org,2023-05-17 21:43:12,REGULAR
448,Rachel Lane,franciscojones@example.org,2024-11-07 19:11:53,REGULAR
449,Fernando Lynn,petersonpamela@example.org,2024-09-06 19:15:06,PREMIUM
450,Kimberly Villanueva,morgantricia@example.com,2023-12-11 04:48:18,REGULAR
451,Jessica Valdez,gmoore@example.com,2025-03-04 00:11:46,REGULAR
452,Colton Terry,donna43@example.org,2023-10-29 05:15:14,REGULAR
453,Kenneth Larsen,briansmith@example.org,2025-09-29 15:51:29,REGULAR
454,Matthew Greene,collinclark@example.net,2023-08-16 11:50:10,REGULAR
455,Bradley Anthony,kristen77@example.net,2023-08-26 11:23:55,PREMIUM
456,Martin Hughes,nicole52@example.com,2023-10-03 04:29:10,PREMIUM
457,Jeremiah Baker,anne21@example.org,2024-12-21 17:25:26,PREMIUM
458,Rhonda Gutierrez,angelarandall@example.net,2024-11-28 08:24:03,PREMIUM
459,Joseph Camacho,parmstrong@example.com,2025-09-25 20:28:22,PREMIUM
460,James Nash,shawrachel@example.net,2025-09-01 08:21:35,REGULAR
461,Lisa Martinez,kthompson@example.org,2024-12-29 10:38:42,REGULAR
462,Beth Henderson,oharris@example.org,2024-03-02 16:34:35,REGULAR
463,Deanna Bartlett,millerangela@example.net,2023-04-26 06:01:41,REGULAR
464,Donald Ellis,buchanancindy@example.net,2023-03-30 09:00:53,REGULAR
465,Ashley Hernandez,buckleyanna@example.org,2025-09-28 10:54:28,PREMIUM
466,Sharon Beard,pbaker@example.com,2025-08-13 09:10:28,REGULAR
467,Kara Jackson,mthomas@example.net,2025-06-20 12:14:54,PREMIUM
468,Amanda Preston,hannah07@example.com,2023-03-05 17:26:15,PREMIUM
469,Alicia Roth,larry71@example.org,2025-10-09 14:15:42,PREMIUM
470,William Ramos,joseph69@example.net,2025-02-17 20:19:40,REGULAR
471,Jeremy Mcintyre,wfigueroa@example.net,2023-06-10 18:49:46,PREMIUM
472,Samantha Robertson,cameronmckinney@example.com,2023-05-12 00:01:04,REGULAR
473,Samuel Suarez,thompsonnancy@example.org,2024-01-20 20:33:19,VIP
474,Danielle Bryant,janet45@example.com,2025-03-25 02:41:30,REGULAR
475,Madison Martinez,allentracy@example.com,2024-08-02 04:55:45,REGULAR
476,Seth Matthews,max41@example.com,2024-06-09 15:14:29,REGULAR
477,Anthony Nash,mercedesholland@example.net,2025-09-07 01:09:22,REGULAR
478,Matthew Palmer,wellsdavid@example.org,2023-05-27 19:26:13,REGULAR
479,Alejandra King,jennifer46@example.com,2024-01-27 11:05:01,PREMIUM
480,Judy Robinson,erica96@example.net,2025-07-25 06:18:53,REGULAR
481,Jorge Bates,anna99@example.com,2025-06-24 06:06:13,VIP
482,Brian Brown,danielle44@example.net,2024-04-26 22:16:38,PREMIUM
483,Stephanie Evans,zacharyallen@example.org,2024-08-31 21:15:10,PREMIUM
484,Rebekah Greene,erin07@example.com,2023-05-12 14:33:13,REGULAR
485,Jason Price,aguilarwanda@example.org,2024-05-25 06:29:36,PREMIUM
486,Micheal Parks,qknox@example.com,2025-11-30 18:06:08,REGULAR
487,Sarah Pittman,kellyruiz@example.net,2025-11-07 12:24:46,REGULAR
488,Robert Hines,staceylam@example.net,2024-07-17 06:37:15,VIP
489,Henry Garner,robert55@example.com,2024-06-14 20:42:18,REGULAR
490,Julie Wilson,delacruzbrandy@example.net,2023-12-18 22:08:12,REGULAR
491,Steve Mason,amoreno@example.org,2024-04-04 11:55:43,REGULAR
492,Brittany Gay,robert97@example.org,2025-04-18 12:06:44,PREMIUM
493,Mike Maxwell,lcook@example.com,2023-02-28 15:19:42,PREMIUM
494,Abigail Hill,barbaramoore@example.org,2025-08-18 01:52:59,REGULAR
495,Jeffrey Jordan,ysanford@example.org,2023-09-10 01:00:52,PREMIUM
496,Curtis Watson,mcclainkatherine@example.net,2025-08-28 12:00:47,REGULAR
497,Michael Sims,jeremywiley@example.com,2024-11-10 21:38:50,REGULAR
498,James Chapman,cameronwilliams@example.com,2024-01-04 23:46:03,PREMIUM
499,Joseph Warren,ibarron@example.com,2024-11-28 09:14:51,REGULAR
500,Katherine Christensen MD,osmith@example.net,2024-12-29 14:10:08,REGULAR
501,Mrs. Alison Wagner,richardsondebra@example.org,2025-11-19 17:06:40,VIP
502,Martin Wise,wheelerbrandon@example.org,2024-12-18 04:40:37,PREMIUM
503,Alicia Norris,hwallace@example.net,2025-02-20 05:43:13,VIP
504,Michael Harris,turnerdorothy@example.net,2023-11-07 05:16:15,REGULAR
505,Lisa Haynes,grivas@example.net,2024-01-24 08:47:43,REGULAR
506,Autumn Wilson,jimenezchelsea@example.com,2024-07-30 15:47:25,REGULAR
507,Valerie Howard,cphillips@example.net,2025-03-12 10:29:45,REGULAR
508,Daniel Fitzpatrick MD,smithchristopher@example.org,2023-09-07 00:52:37,VIP
509,Maureen Hernandez,chancharles@example.net,2023-08-17 21:33:21,REGULAR
510,David Hall,joseph01@example.org,2023-12-11 22:10:36,PREMIUM
511,Sarah Ward,ronald11@example.org,2023-02-11 10:20:12,REGULAR
512,Charles Holland,michael79@example.com,2024-08-03 22:17:41,VIP
513,Anna Briggs,danielross@example.com,2024-08-05 09:45:27,REGULAR
514,James Jefferson,zbanks@example.org,2023-06-03 22:05:11,PREMIUM
515,Michael Brown,dalepruitt@example.com,2023-08-15 21:06:46,REGULAR
516,Meghan White,nmaxwell@example.org,2025-01-03 22:23:47,REGULAR
517,Sheryl Acosta,timothyfreeman@example.com,2024-12-29 17:41:35,REGULAR
518,Arthur Pena,bushericaexample.net,2023-05-04 01:45:03,REGULAR
519,Krystal Levine,april91@example.com,2025-08-03 20:41:43,REGULAR
520,Danielle Reed,jhernandez@example.net,2024-03-23 13:12:19,REGULAR
521,Mason Moore,kchristian@example.org,2024-01-06 09:40:08,PREMIUM
522,Erica Rivera,brent38@example.net,2024-12-11 02:25:51,PREMIUM
523,Robert Miller,csolis@example.org,2025-02-15 10:59:02,REGULAR
524,Jillian Wilson,bmcgee@example.org,2025-03-11 14:35:59,PREMIUM
525,Andrew Dunn,connersylvia@example.net,2024-03-28 11:24:24,PREMIUM
526,Jordan Clark,xclements@example.org,2024-01-09 16:53:05,REGULAR
527,Sarah Rivera,xmoran@example.net,2025-11-04 00:51:26,VIP
528,Brent Hopkins,petersonmaria@example.com,2023-04-16 03:16:04,REGULAR
529,Jacqueline Rodriguez,travisunderwood@example.net,2025-02-27 13:32:30,REGULAR
530,Ashley Carr,davidphelps@example.org,2024-12-31 07:54:22,REGULAR
531,Richard Love,shermanbrandon@example.net,2024-08-02 21:43:18,REGULAR
532,Leah Barton,lellis@example.net,2023-04-15 22:48:10,PREMIUM
533,Jonathan Moreno,tranryan@example.net,2025-09-02 23:07:02,REGULAR
534,Mr. Thomas Thompson,jessicaanderson@example.com,2024-05-31 13:11:32,REGULAR
535,Lisa Morris,mbarnes@example.net,2024-06-09 21:57:23,REGULAR
536,Denise Stuart,shawn22@example.com,2025-11-29 14:48:58,PREMIUM
537,Stacey Hunt,jennifer83@example.org,2025-09-08 08:49:10,REGULAR
538,Miguel Parks,tinasantos@example.org,2024-12-11 23:31:53,REGULAR
539,Melissa Morris,hodgesanna@example.net,2023-11-06 20:46:27,REGULAR
540,Mary Butler,natalie60@example.net,2024-04-26 16:28:00,VIP
541,James Brown,gonzalezkaren@example.org,2025-04-23 13:39:06,REGULAR
542,Miss Brianna Brown,james80@example.com,2025-10-01 22:11:55,REGULAR
543,Ashley Parrish,juliahoffman@example.org,2023-03-16 06:15:48,REGULAR
544,Rebecca Horton,housepaul@example.net,2023-07-13 08:45:52,REGULAR
545,Juan Smith,james73@example.net,2024-09-13 09:53:33,PREMIUM
546,Maria Fischer,kimberlybrandt@example.com,2024-08-23 15:09:42,REGULAR
547,William Jones,jillwilson@example.org,2025-12-11 02:11:00,VIP
548,Justin Anderson,adam72@example.org,2025-03-17 16:00:25,REGULAR
549,Frank Williams,tracy98@example.com,2024-10-21 10:29:40,PREMIUM
550,Michael Fox,abigailhartman@example.org,2023-10-08 07:54:19,REGULAR
551,Joshua Davis,nicolealvarado@example.com,2023-05-05 09:11:07,REGULAR
552,Daniel Goodwin,wbarajas@example.net,2024-11-23 16:56:40,REGULAR
553,Michael Griffin,susanfleming@example.com,2025-12-07 12:17:45,REGULAR
554,Robert Wilson,amber40@example.net,2024-07-01 16:21:49,REGULAR
555,Jaime Lang,stucker@example.net,2025-09-20 09:08:37,VIP
556,Jose Vaughan,teresaayala@example.net,2023-04-27 13:44:14,REGULAR
557,Austin Santiago,michellecoleman@example.org,2025-03-08 01:13:59,PREMIUM
558,Ronald Johns,elucas@example.net,2023-02-18 09:00:23,PREMIUM
559,Allison Love,millerbrian@example.com,2024-11-11 16:16:01,REGULAR
560,Laura Perez,rickey76@example.com,2025-09-29 05:24:55,REGULAR
561,James Wilson,maychristine@example.net,2025-05-31 04:24:47,REGULAR
562,Mercedes Jones,robertsgina@example.net,2024-11-29 22:19:44,REGULAR
563,Preston Kim,bshort@example.com,2023-04-30 10:29:47,REGULAR
564,Daniel Francis,susan24@example.net,2024-09-10 07:47:05,REGULAR
565,Traci Camacho,susan08@example.net,2023-06-26 05:40:15,REGULAR
566,Andrew Armstrong,fmedina@example.com,2025-03-15 06:56:34,REGULAR
567,Patrick Swanson,robertbrewer@example.net,2024-02-11 15:44:30,PREMIUM
568,Clinton Jensen,james29@example.org,2023-11-30 07:45:54,REGULAR
569,Tara Gamble,enewman@example.com,2025-02-02 01:16:14,REGULAR
570,Danielle Gonzalez,wlynn@example.org,2023-04-26 00:51:36,PREMIUM
571,Cynthia Mitchell,mcculloughlouis@example.com,2024-11-22 10:56:52,PREMIUM
572,Matthew Steele,arianadiaz@example.com,2024-05-11 11:05:44,PREMIUM
573,Caroline Edwards,jenniferdavidson@example.com,2025-05-04 09:22:47,PREMIUM
574,Brandy Quinn,wford@example.com,2023-09-02 16:13:16,VIP
575,Mr. Matthew Miller,michele28@example.org,2025-09-17 15:10:48,REGULAR
576,Stephen Jones,mcclainmelissa@example.net,2023-12-15 08:20:00,REGULAR
577,Kevin Sullivan,rebeccaarnold@example.net,2023-08-04 17:42:18,REGULAR
578,Kimberly Valdez,michaelwalker@example.net,2024-07-14 15:11:51,REGULAR
579,Donna Marshall,sanderswayne@example.net,2025-05-06 22:53:18,PREMIUM
580,Victor Holden,katherinetaylor@example.org,2023-04-13 03:16:01,VIP
581,Travis Hopkins,jillwebb@example.com,2025-01-13 13:55:43,PREMIUM
582,Philip Hall,mike03@example.net,2025-06-12 01:50:40,VIP
583,Heather Harrison,ckeith@example.net,2025-09-24 20:07:06,REGULAR
584,Michael Boyd,mary49@example.net,2025-03-14 16:34:45,PREMIUM
585,Jamie Gray,blacknicholas@example.org,2025-05-06 10:04:55,REGULAR
586,Heather Parrish,msparks@example.org,2023-07-20 10:41:50,VIP
587,Brenda Martin,robertsonjuan@example.org,2023-03-28 01:56:26,REGULAR
588,Jack Love,guerrerorobert@example.com,2024-04-17 10:35:05,REGULAR
589,Karen Mendoza,brittanyholland@example.com,2023-12-17 06:08:29,VIP
590,Andrew Berry,dennishunt@example.net,2024-03-17 06:05:18,REGULAR
591,Christopher Nielsen,kgreene@example.net,2025-09-13 12:38:39,REGULAR
592,Nathan Stanley,stacey37@example.net,2025-08-28 22:31:21,REGULAR
593,Sharon Jackson DVM,laurahoover@example.org,2025-02-19 17:17:05,REGULAR
594,Kayla Jackson,sandra99@example.org,2025-06-21 00:04:14,PREMIUM
595,James Rodriguez,alexandrablankenship@example.net,2025-07-29 01:12:49,VIP
596,Chase Davis,mvalenzuela@example.org,2023-03-05 23:50:05,REGULAR
597,Kim Goodwin,olsondavid@example.net,2023-03-12 14:56:19,PREMIUM
598,April Pace,xboyd@example.org,2024-02-16 03:05:14,PREMIUM
599,Jessica Mays,yclarke@example.com,2024-10-09 03:28:51,REGULAR
600,Natalie Juarez,colemanjonathan@example.org,2025-09-01 06:22:08,PREMIUM
310,Jennifer Allen,kimberly67@example.net,2023-01-24 20:11:59,REGULAR
495,Jeffrey Jordan,ysanford@example.org,2023-09-10 01:00:52,PREMIUM
251,Kathleen Davis,pwagner@example.org,2023-06-04 03:41:44,REGULAR
416,Samuel Howe,vhaynes@example.com,2025-06-10 19:59:58,REGULAR
305,Kristina Faulkner,paulscott@example.com,2024-08-15 05:19:38,PREMIUM
465,Ashley Hernandez,buckleyanna@example.org,2025-09-28 10:54:28,PREMIUM
