item_id,order_id,product_id,quantity,unit_price,discount_percent
1,90,81,1,5786.63,81.3
2,157,65,6,7984.9,13.0
3,1130,75,4,2919.97,91.5
4,1274,125,4,5612.4,50.3
5,1485,37,5,6747.26,52.1
6,570,81,1,5234.27,45.4
7,910,12,7,571.79,85.5
8,54,87,4,3505.57,5.2
9,1494,15,5,6082.29,34.1
10,1473,146,2,7466.53,28.7
11,562,22,5,5990.51,92.5
12,1338,4,4,4611.55,3.9
13,76,92,2,6704.4,84.8%
14,132,113,8,3328.03,58.0
15,1344,13,3,2150.37,49.5
16,125,67,4,5507.09,86.1
17,1039,114,-5,6810.32,54.0
18,580,37,2,2673.73,37.1
19,1274,8,1,2746.39,40.8
20,1466,131,3,1285.5,59.1
21,159,58,6,4703.22,65.7
22,650,69,7,7039.99,79.8
23,237,62,4,2027.83,24.3
24,1240,59,8,2958.86,35.2
25,1381,95,8,6639.79,98.7
26,1013,51,3,2798.42,11.8
27,259,9,3,1054.23,26.3
28,262,103,-7,676.82,51.5
29,93,19,4,7189.67,89.8
30,466,47,6,5083.57,74.1
31,1480,81,2,4785.08,67.4
32,874,74,5,2449.05,34.1
33,882,133,6,7632.76,4.2
34,347,74,5,885.79,28.5
35,346,8,5,7403.68,66.6
36,1170,110,1,6412.04,0.7
37,886,127,8,2430.04,11.0
38,456,20,5,2299.78,66.9
39,79,111,6,3682.37,73.6
40,1300,3,2,2608.46,84.1
41,466,128,4,7550.98,67.3
42,1005,143,5,800.82,51.6
43,1087,47,4,5535.06,61.3
44,606,25,5,5377.01,49.0
45,238,46,4,6064.19,28.7
46,1002,106,8,2845.87,39.8
47,1383,82,-4,1799.34,85.1
48,94,79,7,3249.57,91.2
49,676,34,8,1415.63,20.6
50,130,13,1,3095.59,78.0
51,766,85,4,1340.24,53.6
52,815,125,7,7526.11,3.6
53,774,103,1,1917.04,77.2
54,42,4,3,6909.67,7.7
55,48,78,3,3189.88,83.1
56,833,144,5,7757.17,57.6
57,764,140,5,4312.31,24.5
58,637,86,2,296.65,77.1
59,290,104,3,853.57,16.9
60,309,10,8,6108.59,5.9
61,1024,81,6,6984.28,26.8
62,1433,20,4,4164.01,85.9
63,869,127,7,4207.52,12.1
64,603,70,3,1204.94,87.4
65,1464,96,6,5236.74,14.2
66,1465,122,5,2708.4,74.7
67,193,138,1,3816.9,99.3
68,1288,4,8,3802.68,15.6
69,522,144,4,6957.94,58.4
70,1203,99,4,5872.2,28.0
71,429,44,6,4877.72,96.7
72,663,20,1,821.57,80.3
73,806,97,1,3460.71,47.2
74,341,72,7,6725.33,31.7
75,714,46,3,3971.74,78.9
76,392,98,1,6188.88,34.6
77,193,95,6,184.31,44.2
78,1443,65,5,2256.92,64.7
79,1005,45,5,6604.27,86.3
80,1446,46,8,4410.14,10.4
81,569,50,3,1043.47,44.3
82,751,133,1,7207.37,89.8
83,1493,69,1,6717.96,67.0
84,7,80,2,4907.38,68.9
85,186,47,5,3783.39,83.6
86,167,64,2,7729.55,76.7
87,1446,74,5,7221.69,19.1
88,532,113,3,3370.46,83.5
89,350,10,5,2972.54,77.2
90,701,129,7,7950.67,43.4
91,382,122,5,2139.89,46.8
92,735,3,3,4553.78,65.8
93,382,6,3,5218.26,10.0
94,765,87,8,4650.13,43.5
95,863,110,8,7769.05,87.7
96,1074,51,5,325.59,51.2
97,940,102,3,7683.32,97.0
98,895,24,3,1683.21,17.2
99,808,55,4,6227.31,0.5
100,274,103,8,5679.17,76.3
101,1202,7,6,5869.94,42.5
102,816,20,4,1957.74,36.2
103,584,80,4,1768.74,43.5
104,218,120,7,2162.05,95.5
105,1039,99,2,5281.36,40.4
106,238,116,-8,5394.54,42.2
107,786,21,6,6768.93,97.2
108,891,13,-3,5689.76,25.8
109,692,76,8,3968.01,36.7
110,732,10,1,2919.39,1.8
111,939,63,7,847.12,72.7
112,1050,21,8,402.47,60.9
113,163,111,6,3437.99,2.2
114,101,96,2,7959.86,61.6
115,817,47,8,2270.82,68.9
116,1301,82,5,247.88,41.4
117,1205,108,2,2664.41,6.4
118,1022,54,6,4505.49,34.3
119,708,22,3,354.91,85.2
120,1198,43,4,2501.86,75.1
121,769,138,6,6143.03,75.1
122,326,103,3,1075.6,39.6
123,1407,82,7,7213.63,27.9
124,820,74,7,6078.94,28.6
125,857,106,1,3765.77,17.2
126,47,84,4,1194.72,62.0
127,798,142,4,5506.47,95.2
128,661,34,4,3015.61,87.5
129,363,119,5,4663.06,45.9
130,67,105,2,6989.48,90.9
131,1326,137,8,3395.01,26.0
132,819,131,1,572.31,81.2
133,347,94,8,1253.27,26.2
134,939,126,7,2020.24,48.3
135,74,36,4,5544.63,33.1
136,1163,79,3,7053.35,56.4
137,527,59,8,1320.09,80.5
138,1059,104,1,1272.07,1.2
139,994,44,8,2819.29,15.6
140,570,31,8,212.44,94.7
141,1074,59,4,7310.35,90.6
142,1102,21,4,5048.58,95.2
143,468,117,1,2033.07,79.7
144,272,134,3,4460.61,9.1
145,654,19,5,4726.85,58.1
146,20,53,4,3860.68,10.0
147,935,1,7,7103.49,77.7
148,614,68,5,3991.58,17.7
149,14,82,4,4074.19,62.6
150,1407,138,8,6107.46,67.3
151,1403,77,3,1931.24,30.7
152,322,84,4,1335.46,76.6
153,622,95,8,6260.06,26.9
154,12,104,3,6650.93,31.5
155,428,66,1,6462.43,97.5
156,1265,129,5,3477.24,38.2
157,95,100,8,2020.79,32.5
158,898,73,8,4730.3,5.9
159,1208,77,2,684.51,97.7
160,1413,6,4,2689.95,54.7
161,914,55,3,6308.62,71.1
162,48,36,3,2961.41,19.9
163,765,5,2,6467.91,79.8
164,138,20,7,6997.34,32.7
165,1250,49,2,4300.92,79.9
166,150,47,2,2287.23,45.1
167,1278,100,6,5941.72,94.9
168,1339,52,-1,1288.91,85.6
169,1093,11,6,4657.16,18.9
170,869,70,3,2686.94,31.5
171,769,7,4,2907.22,13.7
172,1209,32,8,1747.82,4.9
173,1239,92,2,4668.6,51.6
174,34,2,6,817.25,50.7
175,1336,77,7,6874.2,35.5
176,1326,83,4,5184.3,39.0
177,126,54,1,4560.18,12.8
178,1370,47,5,1344.11,17.2
179,544,83,6,1382.75,49.8
180,773,135,1,7121.68,3.4
181,851,138,3,7187.79,9.2
182,1345,139,8,5131.16,31.1
183,1055,34,6,861.55,49.3
184,379,78,3,848.83,40.4
185,672,109,6,4767.2,51.7
186,406,47,6,7483.53,3.4
187,705,49,1,6378.7,16.2
188,691,87,7,5008.37,54.6
189,1064,68,3,3950.11,54.9
190,247,141,2,300.77,54.3
191,374,102,5,3675.26,55.3
192,1153,136,4,6229.7,19.9
193,340,58,1,1920.35,94.7
194,799,134,3,3449.72,20.2
195,466,18,7,1175.35,113.3
196,802,41,1,3899.36,16.0
197,253,95,7,6691.2,7.1
198,1288,121,3,2276.22,32.7
199,1475,88,4,1086.43,74.3
200,1454,125,5,6720.02,25.5
201,1362,127,5,7981.08,60.3
202,1041,85,7,6934.82,28.0
203,454,106,7,2917.62,1.3
204,1063,98,7,6269.28,70.9
205,739,53,1,6369.44,95.4
206,77,103,7,414.93,64.7
207,59,117,7,4578.75,2.4
208,1432,68,5,2883.79,96.6
209,1024,23,3,4423.49,32.2
210,186,104,6,6460.73,96.6
211,897,93,6,6076.86,20.2
212,1147,138,3,980.7,58.2
213,540,38,3,1669.09,9.1
214,602,146,6,7377.94,10.4
215,460,57,2,6626.46,24.6
216,990,113,4,6511.05,14.5
217,793,67,7,1618.69,18.6
218,1420,35,6,3024.81,90.0
219,1040,122,6,2050.47,53.8
220,459,120,6,1899.81,34.8
221,1147,115,5,4988.57,49.7
222,517,8,1,5679.84,6.4
223,624,85,8,1153.52,39.6
224,14,14,4,7575.52,14.4
225,1232,46,6,661.01,6.4
226,1404,100,-3,5856.47,33.2
227,517,128,7,6793.4,18.3
228,1073,66,2,1890.46,98.6
229,26,2,1,4501.31,68.3
230,1272,128,6,7250.65,56.3
231,903,46,3,866.03,68.3
232,639,75,3,5014.45,93.5
233,691,117,2,4196.06,90.0
234,1006,49,7,5382.77,6.5
235,1211,26,7,7860.53,48.0
236,412,73,2,4265.97,57.5
237,1007,27,6,2414.38,62.6
238,1081,11,6,2516.59,99.2
239,1095,8,4,4741.01,90.0
240,1042,135,1,2878.95,53.8
241,656,19,3,453.29,21.4
242,595,2,4,4942.83,4.5
243,824,12,4,2712.93,17.7
244,1283,80,3,5381.41,88.2
245,389,125,4,7318.52,40.9
246,1306,30,5,3224.2,69.6
247,1465,102,2,625.35,53.7
248,178,143,5,4603.86,10.8
249,172,18,8,381.99,47.9
250,388,54,4,5932.94,44.2
251,1320,15,6,1306.41,85.9
252,52,113,7,4094.2,22.5
253,134,105,2,2373.67,16.1
254,781,1,1,7469.12,37.0
255,1329,122,1,1045.17,22.5
256,1304,117,7,3652.4,74.8
257,796,66,8,4337.99,36.0
258,465,103,3,6463.06,14.4
259,796,119,3,7540.86,42.1
260,1494,94,6,1151.61,53.0
261,1336,116,8,3324.84,64.4
262,1351,99,5,6973.88,41.2
263,1154,40,7,5582.36,38.6
264,997,81,7,1290.4,31.6
265,642,92,1,777.43,0.9
266,915,122,4,2529.74,6.6
267,1091,105,6,901.85,56.2
268,301,114,3,5628.91,28.1
269,743,113,2,3109.5,37.9
270,758,18,3,3984.96,67.2
271,1299,83,3,3209.56,14.9
272,856,44,5,756.27,60.3
273,107,62,6,2313.94,52.0
274,682,142,5,2766.39,27.3
275,779,100,1,5030.94,73.5
276,1449,88,1,3063.62,36.7
277,174,82,3,4463.82,48.9
278,486,23,-2,6120.3,24.3
279,944,85,-2,6475.19,87.0
280,188,1,2,1195.85,91.8
281,405,127,7,494.99,7.9
282,405,68,3,4775.32,86.1
283,467,42,3,1595.83,12.4
284,494,136,7,4852.28,50.7
285,21,16,1,2088.18,75.4
286,741,17,7,5757.27,1.2
287,1119,49,5,2929.09,81.1
288,826,119,4,2887.87,46.5
289,1295,39,8,6029.36,42.0
290,34,101,7,6557.5,90.5
291,467,49,8,271.28,39.2
292,218,18,8,3537.35,85.2
293,631,41,6,1217.67,51.9
294,1411,33,6,3489.08,12.2
295,641,122,6,239.91,37.0
296,469,106,5,2715.38,19.4
297,304,83,4,4550.05,89.1
298,396,71,2,7213.4,94.7
299,1151,38,3,3842.6,22.3
300,1224,31,5,2581.93,88.3
301,23,77,5,1640.05,79.9
302,303,115,5,327.69,64.4
303,929,73,7,6091.85,10.8
304,1476,97,3,233.95,5.2
305,1159,146,1,3224.75,32.7
306,1071,42,1,5766.43,13.2
307,128,135,4,2920.94,8.1
308,535,59,7,1324.37,82.3
309,477,40,4,291.38,64.3
310,1372,107,3,6072.11,67.0
311,754,131,2,1749.81,58.3
312,796,41,3,158.06,62.8
313,913,132,4,1646.6,89.8
314,612,55,7,3160.87,10.7
315,635,4,5,5046.33,56.7
316,1233,43,4,1730.19,94.7
317,1,8,8,6380.53,66.7
318,110,95,1,7448.26,30.3
319,72,31,4,5960.59,37.3
320,1397,8,5,7464.74,98.3
321,47,145,8,5825.99,45.5
322,954,106,8,1802.26,39.8
323,982,52,3,447.87,6.3
324,1154,112,-5,6988.73,23.5
325,1116,42,8,5965.96,28.7
326,823,96,6,4453.09,14.6
327,885,23,8,1266.3,67.3
328,88,88,5,2933.48,46.7
329,422,102,3,6672.9,15.9
330,1128,43,2,7924.98,54.4
331,1072,101,4,3964.52,32.5
332,1422,49,4,5533.63,98.8
333,832,78,1,6419.49,49.5
334,1394,19,4,6534.51,2.4
335,795,96,2,3433.15,35.8
336,1024,82,4,7364.49,63.5
337,1271,90,6,6903.28,38.4
338,503,25,8,7705.87,75.9
339,925,56,8,4868.51,46.9
340,372,119,7,4788.09,67.5
341,1006,45,5,7407.35,65.4
342,408,124,8,2393.26,33.1
343,458,88,8,5981.79,65.4
344,1240,145,8,5636.16,91.2
345,218,108,1,5621.48,2.1
346,973,103,8,5646.18,6.7
347,1119,96,4,1055.99,16.2
348,616,35,5,5284.48,58.2
349,281,82,-7,6325.89,11.3%
350,1298,139,4,1590.47,47.5
351,1160,43,2,4127.96,86.1
352,88,83,4,5042.43,93.8
353,261,123,-7,7453.16,39.1
354,64,107,7,1342.55,59.9
355,1332,88,2,6238.68,77.3
356,1410,81,5,7362.68,85.5
357,550,70,3,3968.44,34.2
358,393,86,5,7421.88,32.4
359,1410,76,7,5390.51,18.8
360,1484,75,4,4387.93,32.1
361,992,70,4,6660.08,18.3
362,7,18,8,4887.27,25.3
363,862,51,4,4010.94,93.5
364,371,32,5,7855.4,59.5
365,197,109,6,424.17,7.0
366,493,60,4,573.05,11.1
367,649,57,4,2207.21,55.3
368,553,125,3,1704.82,61.6
369,220,1,2,1845.69,46.0
370,837,114,4,6901.07,85.0
371,1379,126,8,6819.63,75.1
372,764,37,7,2644.43,49.9
373,510,75,2,3083.55,78.8
374,1461,6,4,7689.18,68.6
375,714,59,7,261.9,43.6
376,401,10,5,3880.39,16.9
377,163,135,7,810.78,91.6
378,1067,18,5,6882.15,27.9
379,591,141,4,4623.61,78.3
380,208,69,8,1966.34,80.8
381,18,84,3,4472.17,36.9
382,320,34,3,263.67,50.5
383,509,42,4,4633.53,27.9
384,1109,104,1,104.53,46.1
385,1073,105,8,2896.09,60.6
386,1238,106,3,6458.23,20.7
387,302,116,7,2584.91,19.9
388,956,120,3,2031.49,1.6
389,606,96,6,3384.82,5.1
390,1130,123,1,7107.67,87.2
391,208,38,1,3887.72,35.2
392,711,84,5,5082.33,37.1
393,1365,141,5,4726.41,88.4
394,295,37,2,6615.23,33.0
395,1166,50,4,3215.76,4.2
396,335,10,7,3472.6,56.8
397,1371,118,5,1830.85,91.5
398,678,84,6,6819.69,95.6
399,46,112,3,4759.26,68.3
400,528,28,8,2474.49,97.3
401,1111,130,3,1829.73,95.6
402,1358,17,6,4575.93,29.9
403,759,31,6,3306.81,43.2
404,587,63,5,3985.7,95.8
405,308,139,3,4788.22,85.3
406,364,9,7,7763.48,80.8%
407,339,80,3,5462.04,91.8
408,1005,28,6,750.53,146.2
409,533,41,5,4256.09,83.2
410,927,92,2,2341.21,39.3
411,669,54,5,3268.64,80.7
412,259,39,4,390.7,5.9
413,1369,142,2,2627.61,23.9
414,65,65,5,3838.5,3.4
415,670,109,7,5300.8,39.7
416,191,125,6,6958.26,18.4
417,856,10,6,1996.18,60.4
418,433,38,1,6421.65,124.7
419,1254,51,6,5978.01,27.3
420,935,12,7,411.46,96.4
421,1247,147,5,5053.64,79.2
422,1369,53,4,1860.91,26.5
423,98,20,0,1910.84,22.2%
424,628,14,5,7525.34,1.6
425,1149,85,8,5324.18,28.8
426,266,67,3,5512.16,8.0
427,592,80,3,3383.05,90.6
428,554,46,2,1059.38,93.7
429,1259,72,2,4053.66,83.5
430,1271,23,2,1493.55,80.7
431,720,8,2,4224.48,69.0
432,1272,124,6,3515.97,80.7
433,660,95,2,6692.64,93.4
434,694,107,4,1585.84,57.1
435,279,122,1,773.28,84.3
436,504,80,8,6116.51,12.0
437,778,40,7,533.81,30.0
438,47,7,5,687.74,53.1
439,195,68,5,6969.09,93.1
440,1127,139,6,4653.65,58.2
441,827,11,2,4661.16,69.0
442,1205,2,5,5297.39,26.9
443,508,21,2,6495.05,40.6
444,1451,33,6,4595.22,86.7
445,1182,49,3,5491.34,23.9
446,829,106,8,1766.96,66.7
447,1020,1,7,2067.34,85.6
448,1375,64,2,2098.2,12.8
449,567,29,3,2074.97,4.7
450,1484,32,1,6656.77,1.4
451,424,100,6,5310.21,68.0
452,7,111,6,7579.44,24.3
453,589,37,8,6686.15,74.8
454,1320,58,5,208.76,78.6
455,274,5,8,6731.8,96.4
456,760,134,4,7893.3,55.2
457,220,62,5,5300.52,79.9
458,375,128,5,7665.66,93.1
459,384,28,1,6171.1,77.0
460,1233,145,5,5598.61,27.2
461,494,137,6,1650.52,24.5
462,90,53,6,4543.24,69.0
463,440,56,8,673.57,68.1
464,429,24,6,7353.81,40.9
465,494,12,6,838.73,25.0
466,444,106,8,5292.65,69.6
467,1140,43,6,1911.7,135.1
468,93,46,1,4616.46,66.7
469,1487,53,4,2430.5,6.1
470,971,97,6,2466.79,68.7
471,150,40,1,1483.26,84.3
472,1212,95,7,6519.54,26.6
473,1252,114,6,7978.02,53.3
474,1097,120,5,7417.08,79.8
475,232,144,2,5586.69,90.1
476,259,62,8,5728.35,81.7
477,532,67,1,7086.93,24.1
478,1432,23,6,447.75,49.1
479,566,87,3,5795.27,54.7
480,661,43,1,315.84,66.5
481,1292,7,2,7629.4,9.8
482,327,22,3,5410.21,79.5
483,592,129,3,3866.55,49.1
484,504,97,1,4106.44,46.7
485,846,39,6,5818.8,27.5
486,1495,11,5,3019.57,4.9
487,35,135,1,1742.54,41.0
488,1139,136,3,6435.75,92.8
489,510,133,1,7701.0,64.4
490,1427,103,4,4273.74,6.4
491,860,34,5,5196.97,66.7
492,84,100,6,3504.02,10.4
493,383,104,5,1337.71,94.6
494,1370,22,4,4393.41,18.7
495,47,58,8,2310.32,29.1
496,954,16,2,4057.66,17.8
497,728,50,6,554.44,85.3
498,1457,117,5,1065.23,72.8
499,406,127,8,4400.59,60.6
500,172,130,4,7995.6,3.9
501,1075,3,8,3175.79,46.2
502,1126,33,1,309.9,81.1
503,246,107,1,3830.96,70.3
504,1237,19,1,3194.92,61.0
505,703,7,2,4642.72,10.9
506,151,62,3,1447.75,72.3
507,267,134,8,706.28,25.5
508,878,112,7,2998.0,2.1
509,114,134,1,5996.11,42.7
510,149,83,4,4898.68,81.8
511,376,112,4,1826.97,89.7
512,541,75,2,3453.34,56.1
513,487,123,1,4480.79,79.4
514,1416,5,3,5196.57,61.5
515,1464,116,1,4688.66,6.5
516,1173,97,5,6074.13,70.6
517,184,134,5,6100.01,74.6
518,603,6,5,4676.31,63.7
519,457,76,5,6868.99,95.3
520,1143,122,3,4554.93,96.1
521,634,144,3,6133.95,97.2
522,284,144,4,5394.16,60.2
523,292,145,1,6641.31,89.7
524,890,69,7,6806.88,14.7
525,987,110,2,3088.54,40.7
526,247,65,2,1251.17,19.0
527,84,8,4,1276.72,58.8
528,129,15,3,151.46,85.2
529,53,13,2,4080.8,7.5
530,112,117,2,5221.45,8.0
531,104,95,7,4222.28,87.2
532,920,36,4,7176.18,44.1
533,1008,122,7,1127.23,13.7
534,1074,137,7,4566.83,93.2
535,1465,44,5,1701.06,23.2
536,337,27,4,958.83,54.5
537,272,120,0,989.7,75.0
538,629,68,8,3070.25,19.0
539,194,111,1,4672.57,4.8
540,291,119,5,3668.74,68.2
541,1207,138,8,1574.52,1.4
542,1007,113,3,4203.45,97.4
543,1114,82,4,1929.87,82.3
544,1473,110,-7,6027.14,96.0
545,830,133,7,3683.23,70.0
546,459,90,3,6139.83,37.6
547,917,27,6,3207.52,87.3
548,671,146,5,675.61,65.1
549,1277,139,7,7643.64,55.8
550,1240,59,5,7629.39,12.7
551,692,132,7,5562.11,50.7
552,1424,113,2,3669.72,54.6
553,1345,48,2,7172.05,40.2
554,945,127,1,3105.54,7.8
555,266,82,8,5026.77,91.5
556,1398,61,4,6345.17,53.2
557,1269,85,6,336.19,89.5
558,768,69,8,1086.12,28.0
559,381,64,5,3739.42,39.4
560,1119,147,3,6789.27,79.0
561,990,46,2,728.89,68.1
562,1246,95,6,1457.67,94.6
563,1003,133,2,4085.4,56.0
564,536,58,5,4513.61,1.6
565,232,124,1,1047.82,67.5
566,746,54,8,6680.89,33.4
567,750,55,7,3684.05,32.7
568,1272,69,7,4243.75,23.8
569,936,99,3,961.93,95.0
570,740,34,2,4535.74,60.5%
571,877,107,4,6865.98,34.8
572,344,36,1,4710.18,41.6
573,865,94,8,7866.92,89.3
574,170,110,6,2375.46,50.2
575,1201,60,-6,149.43,3.9
576,142,54,2,7031.24,88.3
577,582,78,1,4222.12,63.3
578,1414,57,5,3126.23,58.6
579,751,132,7,3584.4,94.9%
580,217,35,3,7602.65,7.0
581,121,97,4,4891.98,87.9
582,1091,43,1,3381.41,49.0
583,534,93,8,5354.74,17.7
584,1372,117,5,6915.63,94.2
585,248,121,7,5863.49,39.2
586,382,8,3,1666.74,78.7
587,207,110,6,7646.02,91.0
588,1338,94,6,5158.82,23.6
589,1485,119,4,4367.29,32.0
590,1021,30,8,2389.76,94.2
591,679,64,3,6798.76,129.0
592,1144,133,8,5778.24,21.4
593,1488,14,4,5434.24,97.2
594,1063,129,4,2195.96,55.4
595,1306,137,8,5945.85,70.5
596,619,61,7,7388.12,79.0
597,334,54,7,6855.97,57.4
598,50,24,-2,4659.79,77.9
599,1181,107,5,6956.07,51.1
600,1499,39,8,4048.94,60.9
601,110,30,2,5525.61,70.0
602,279,88,2,925.59,91.3
603,691,54,8,5021.49,73.0
604,578,46,1,7027.29,81.1
605,1181,84,2,4511.25,39.5
606,717,98,3,1117.58,84.0
607,1423,95,2,109.77,93.1
608,1126,84,8,1908.02,45.4
609,320,7,6,1129.64,84.6
610,124,43,3,3437.43,36.2
611,577,136,1,774.45,42.6
612,1455,74,2,6926.04,82.8
613,1311,116,1,4967.48,90.8
614,584,109,6,5020.96,37.1
615,91,143,3,6748.47,13.7%
616,1135,59,1,4162.05,3.9
617,200,94,2,7551.36,48.9
618,1042,11,8,6960.62,10.8
619,740,136,7,3749.37,22.9
620,715,137,5,3264.88,11.4
621,1375,52,6,4809.67,49.6
622,305,21,7,7516.05,92.2
623,826,107,6,6662.47,69.9
624,995,120,7,5052.02,2.5
625,1465,145,2,6017.28,26.3
626,1247,129,5,5374.91,70.8
627,1010,58,1,6658.03,82.2
628,842,98,2,5512.73,81.4
629,661,112,2,7625.12,48.5
630,1251,115,3,4171.57,59.1
631,439,120,1,2186.5,88.3
632,1363,8,1,4370.35,17.2
633,1260,147,5,7498.45,94.4
634,1204,75,8,759.66,44.4
635,247,116,1,7767.01,92.8
636,1105,45,6,1941.79,98.3
637,387,98,1,469.9,47.4
638,1210,70,2,6140.42,66.8
639,1373,123,3,7240.11,15.0
640,231,91,1,1911.76,11.8
641,1144,58,7,5174.38,17.7
642,816,47,6,6254.34,46.0
643,510,68,5,7417.19,70.2
644,292,41,-7,2567.91,6.5
645,455,69,6,5079.5,27.5
646,1080,114,7,4951.23,88.0
647,1485,64,2,600.94,30.0
648,477,55,6,5156.77,16.3
649,194,103,8,2799.66,98.1
650,537,32,6,7289.08,36.0
651,130,121,2,6997.03,69.7
652,1120,11,8,616.14,51.6
653,215,58,1,4454.11,9.7
654,510,53,6,5050.06,94.7
655,671,88,7,2561.76,50.7
656,1408,123,5,489.47,12.4
657,1492,16,6,7124.32,4.4
658,1453,33,4,6193.21,80.8
659,1334,147,2,3041.87,5.6
660,1398,71,5,7773.07,25.0
661,645,109,7,2682.31,43.6
662,453,50,6,4346.39,2.9
663,1298,48,1,6279.62,25.8
664,19,109,7,956.35,63.3
665,980,122,3,1302.03,18.1
666,205,24,5,4944.86,39.0
667,13,138,6,6540.76,25.1
668,163,45,1,7857.63,48.1
669,539,43,6,207.6,80.2
670,981,88,7,7364.22,5.3
671,1302,44,4,5863.02,86.6
672,665,65,6,1481.14,12.8
673,585,120,6,2220.0,3.1
674,917,74,6,6779.53,7.7
675,498,76,8,6543.23,8.5
676,973,91,3,6954.12,55.5
677,674,50,1,6789.68,60.7
678,470,85,1,7833.0,32.5
679,1465,102,4,6876.92,86.3
680,1373,93,8,7249.52,84.3
681,1269,56,5,4300.72,81.9
682,494,32,8,223.0,68.6
683,1187,109,3,4148.69,25.5
684,982,27,3,4830.92,30.6
685,1107,98,5,2104.97,23.3
686,488,146,5,1709.51,55.7
687,1161,54,2,5203.96,55.0
688,240,4,3,490.07,57.8
689,62,131,3,228.59,69.2
690,127,61,8,4427.15,81.8
691,863,141,5,5165.11,8.5
692,407,5,3,6944.2,58.9
693,1205,98,8,1540.8,37.0
694,551,24,8,7233.22,4.6
695,461,73,-2,7337.51,29.9
696,962,11,1,894.52,61.4
697,1487,146,1,1637.71,42.0
698,1302,145,7,6300.8,52.8
699,1212,110,2,5317.25,48.5
700,179,34,3,4597.86,89.7
701,383,98,7,2932.2,84.9
702,150,119,1,6852.77,76.1
703,283,125,6,7662.96,46.1
704,189,106,5,689.56,54.2
705,921,14,7,1498.51,14.1
706,93,82,5,7338.36,10.5
707,1455,148,7,6774.88,14.2
708,109,118,1,5093.73,22.0
709,672,72,3,6796.18,47.0
710,927,62,1,5250.4,91.2
711,987,17,2,3176.94,93.4
712,3,46,1,5167.7,75.3
713,743,59,8,6548.62,8.6
714,31,2,8,1676.92,3.3
715,671,76,8,7905.0,8.7
716,845,89,4,4583.15,46.8
717,1477,132,3,3830.52,11.6
718,73,67,3,2555.75,53.8
719,608,55,6,4535.69,61.1
720,831,70,6,7062.34,24.2
721,1110,129,7,1630.67,54.8
722,611,104,4,2611.56,22.8
723,920,86,3,519.28,81.6
724,683,84,6,1359.7,56.5
725,171,26,2,2544.84,2.8
726,912,100,8,848.56,98.6
727,549,22,1,5107.38,40.6
728,732,16,3,5368.21,18.2
729,1474,47,1,6518.4,91.9
730,579,12,6,5522.51,26.0
731,1209,94,8,1610.98,12.9
732,443,78,1,6650.95,4.8
733,94,130,1,1036.29,27.7
734,1261,45,5,5052.2,91.0
735,69,16,6,7283.49,68.6
736,1122,16,7,4663.11,64.4
737,547,33,2,3872.26,4.4
738,6,101,4,2382.91,58.1
739,23,19,8,6787.44,33.4
740,377,95,8,2115.32,89.9
741,196,18,1,4624.19,77.9
742,12,139,1,414.69,89.5
743,279,2,7,1296.59,90.3
744,1113,116,5,7804.68,91.2
745,96,60,6,793.04,59.3
746,383,20,4,1515.53,0.8
747,332,58,5,294.85,122.8
748,723,135,1,7663.74,9.9
749,1031,112,2,5810.04,68.6
750,964,43,4,4449.75,73.0
751,1433,56,2,5699.75,75.0
752,566,85,2,7546.58,50.9
753,364,142,5,7963.89,13.8%
754,517,23,4,5039.65,83.9
755,136,108,5,5273.19,73.1
756,1299,54,6,5638.7,67.3
757,261,27,1,1279.21,85.2
758,834,65,4,7198.24,75.9
759,936,118,7,6616.54,34.4
760,1226,23,6,4927.73,22.4
761,326,95,7,7828.41,7.4
762,793,101,4,2183.0,84.2
763,832,143,3,6962.21,93.9
764,479,101,6,7760.73,39.3
765,522,77,3,3210.36,36.2
766,854,89,1,7839.6,68.5
767,241,23,1,1421.47,19.0
768,1137,83,5,6308.06,66.5
769,1217,26,5,4166.03,51.3
770,540,57,7,2557.97,82.1
771,383,94,4,7110.16,72.0
772,159,21,1,2039.63,94.9
773,1491,100,6,3304.78,37.4
774,1302,86,5,3270.88,71.2
775,1218,129,4,3028.68,47.2
776,1097,3,7,1748.11,28.0
777,1221,37,6,7344.81,30.6
778,28,117,6,3112.17,30.2
779,586,14,5,5767.5,98.7
780,649,80,5,2057.72,89.7
781,1395,5,4,4575.91,22.0
782,247,21,1,1063.66,94.0
783,1348,72,6,7337.59,55.7
784,100,29,3,6400.33,26.0
785,700,38,8,6970.58,93.4
786,7,29,4,1143.25,43.0
787,1100,17,5,468.47,76.3
788,1398,46,1,5227.71,65.8
789,465,147,3,3758.61,84.7
790,72,51,2,3244.17,80.6
791,1231,48,2,2873.41,15.4
792,437,61,8,5781.18,96.6
793,1246,45,3,6189.78,44.3
794,265,59,1,5560.4,82.8
795,94,131,7,7778.74,47.0
796,80,26,3,7680.91,76.4
797,1144,144,1,888.24,64.5
798,1094,67,3,3994.66,79.4
799,1415,40,7,6054.64,13.1
800,709,144,3,4116.03,63.5
801,773,47,3,5514.09,86.0
802,502,18,6,7211.72,24.2
803,646,59,2,5501.03,49.2
804,822,15,5,2659.28,1.4
805,976,12,5,6642.56,47.4
806,1476,69,6,6414.33,93.7
807,1181,97,2,5418.52,33.0
808,38,65,4,4023.54,80.5
809,184,39,3,217.78,62.3
810,1161,117,5,2024.84,71.6
811,1233,48,7,3849.08,7.4
812,1274,122,3,6140.66,46.0
813,633,52,7,7494.16,94.1
814,1185,86,2,3119.63,30.9
815,775,70,3,1352.46,58.6
816,1150,119,5,7381.12,48.0
817,634,23,7,6123.87,49.6
818,833,63,7,2845.71,69.1
819,382,119,6,1673.52,58.9
820,102,95,8,4566.92,35.8
821,614,61,8,2863.14,16.2
822,806,90,2,7337.7,62.1
823,454,79,5,2458.44,33.0
824,1245,63,5,2512.28,12.1
825,1385,144,5,1888.68,88.1
826,1179,137,3,2692.69,42.0
827,355,30,5,7741.97,99.8
828,846,95,8,2480.73,85.2
829,887,78,6,6887.23,12.6
830,729,28,7,4926.41,56.7
831,803,49,3,6923.82,33.3
832,1175,56,6,6732.7,96.4
833,457,139,2,2456.92,25.9
834,69,64,6,7132.97,19.0
835,1463,53,4,2194.47,20.8
836,1334,81,7,6427.87,39.6
837,1358,125,3,6050.78,95.9
838,468,138,8,2181.62,99.4
839,690,41,6,6539.03,61.0
840,1175,28,4,1311.21,79.3
841,252,110,4,273.54,19.7
842,646,64,8,3556.56,42.7
843,1139,67,1,1763.81,7.8
844,939,18,8,2239.74,91.8
845,900,106,1,7665.13,66.2
846,1015,83,5,5864.21,95.8
847,1311,139,5,6676.0,93.6
848,132,47,4,1317.28,67.8
849,1460,66,3,7650.7,78.2
850,267,22,3,5054.89,45.1
851,852,13,2,3717.33,51.4
852,310,91,2,6612.6,29.1
853,225,127,2,2089.37,35.5
854,335,6,2,3988.62,38.8
855,1324,98,6,992.6,17.6
856,907,5,4,111.91,54.0
857,341,3,5,4117.74,58.0
858,1397,115,6,4109.15,34.9
859,649,107,8,1535.11,42.7
860,36,108,4,4034.26,31.9
861,323,39,2,761.35,81.0
862,647,53,5,6931.01,92.9
863,608,47,7,5380.16,81.2
864,399,53,1,5339.64,62.4
865,322,17,2,6825.53,4.4
866,231,96,2,7603.08,17.3
867,225,136,3,4332.71,99.1
868,88,100,6,3176.76,98.9
869,671,100,3,7466.26,44.2
870,607,47,7,6016.58,77.5
871,131,12,2,3545.34,14.5
872,1164,29,5,1813.97,97.3
873,1179,135,2,1312.05,76.0
874,840,6,2,1673.38,73.5
875,387,25,3,2847.9,19.7
876,4,91,1,6495.94,27.0
877,816,137,3,4965.96,66.0
878,424,129,7,3545.57,24.4
879,1301,30,7,1710.39,81.5
880,389,40,7,2057.87,55.2
881,716,48,3,4909.31,9.9
882,41,104,8,600.08,47.7
883,1301,138,8,443.25,75.6
884,240,118,2,2054.16,7.5
885,1019,46,2,4678.49,53.3
886,788,44,1,1290.33,39.1
887,333,88,6,2657.01,20.4
888,1187,6,6,3537.73,63.6
889,897,147,8,6142.17,41.2
890,721,147,7,4470.64,59.5
891,947,63,5,4121.57,80.3
892,780,75,5,5076.32,20.6
893,670,44,1,6359.45,16.7
894,1233,16,2,1395.81,14.0
895,1106,147,1,4323.67,25.3%
896,971,68,4,2706.05,30.5
897,27,13,2,6937.4,1.5
898,1222,92,1,5789.61,76.0
899,898,139,-4,2923.75,29.3
900,967,42,5,4070.96,48.0
901,98,60,7,346.72,63.1
902,1363,88,5,7754.54,13.2
903,259,30,7,6566.15,37.4
904,371,32,6,3545.88,47.8
905,984,100,1,5118.1,66.0
906,475,137,5,2672.87,59.7
907,1437,15,4,746.5,13.7
908,968,61,1,5301.46,94.7
909,710,143,3,1340.72,77.2
910,287,81,6,2665.32,18.1
911,107,136,2,2688.76,36.8
912,440,92,1,2140.78,45.4
913,244,92,3,5881.22,85.3
914,474,126,5,3729.75,26.0
915,1320,134,1,1820.41,8.3
916,357,123,3,3848.03,53.5
917,1417,79,8,4483.33,18.4
918,208,132,7,7420.0,72.9
919,776,42,2,1585.13,27.9
920,771,111,7,2552.09,21.0
921,1091,142,5,4915.77,57.5
922,1443,22,6,4297.2,23.4
923,1059,77,7,2371.17,65.1
924,1455,147,8,4532.22,87.7
925,1196,119,6,4194.67,11.1
926,30,85,2,4369.54,63.9
927,328,134,5,2696.98,9.9
928,890,138,7,1539.58,21.8
929,690,148,2,4917.06,98.6
930,342,27,1,6379.92,65.7
931,766,23,8,2593.42,56.0
932,653,50,6,263.27,72.2
933,1091,33,3,5980.86,12.2
934,1088,84,8,2589.68,12.1
935,424,103,2,437.46,32.8
936,901,21,2,6381.09,53.1
937,1443,2,4,4836.71,56.8
938,923,64,6,7814.92,84.2
939,237,26,2,6581.25,23.9
940,996,47,7,5462.86,4.3
941,511,76,-8,4796.56,99.7
942,215,119,3,2113.61,6.9
943,765,32,6,4329.76,81.8
944,428,109,1,109.66,49.0
945,1186,59,3,909.34,63.4
946,1351,1,6,4645.22,57.5
947,719,29,3,6879.75,93.8
948,403,6,4,4347.34,89.3
949,1477,9,7,7882.44,78.9
950,908,92,4,4080.63,52.3
951,18,4,4,2343.32,47.5
952,811,35,2,4149.94,63.7
953,175,9,6,412.2,26.2
954,1212,70,6,2221.39,27.9
955,989,80,2,3032.73,78.1
956,1143,122,2,1239.17,27.7
957,1016,77,3,6937.85,57.4
958,1093,14,3,6675.82,69.4
959,818,115,1,3509.81,68.8
960,849,35,3,6254.38,3.2
961,62,16,2,7671.65,58.3
962,946,23,2,7646.99,56.3
963,85,131,4,3666.62,16.0
964,1454,72,8,4015.35,18.6
965,13,117,7,976.58,16.7
966,270,48,5,7867.68,14.5
967,291,5,6,221.63,34.2
968,375,108,5,6402.91,47.4
969,1142,7,6,1131.34,40.9
970,218,148,3,5567.13,58.4
971,1440,74,2,4693.39,84.2
972,777,16,7,6350.19,90.8
973,182,145,1,3703.87,2.4
974,1170,136,2,4995.72,56.7
975,551,131,4,5040.09,83.4
976,562,111,7,408.67,15.8
977,304,4,3,1428.56,99.8
978,510,75,0,1744.28,21.8
979,185,32,7,4936.27,0.3
980,1286,39,5,282.83,95.5
981,1489,118,4,7477.17,74.2
982,1122,109,1,5891.14,30.0
983,568,57,8,420.98,2.3
984,175,82,4,5811.8,24.4
985,633,39,2,3018.1,25.9
986,846,106,1,6798.13,1.2
987,829,111,1,4640.56,59.7
988,1447,139,8,562.63,13.8
989,3,39,2,1188.4,22.2
990,466,92,7,4056.3,7.0
991,1270,25,4,7451.36,34.4
992,671,89,3,4436.72,68.7
993,542,110,1,3240.9,88.3
994,360,52,-7,4536.31,52.2
995,1091,96,3,5054.46,6.9
996,530,80,1,6036.3,22.4
997,1299,77,7,2513.15,17.8
998,1282,53,7,5014.11,33.3
999,347,42,5,1955.54,55.8
1000,1044,101,6,1097.12,45.9
1001,157,114,7,2873.55,69.9
1002,1357,41,7,6864.45,27.0
1003,990,78,1,388.35,97.5
1004,775,141,3,2247.81,20.9
1005,336,92,3,2756.6,63.7
1006,254,26,5,7762.18,66.0
1007,629,58,8,734.43,14.7
1008,568,81,6,4053.5,86.4
1009,90,47,7,3300.7,86.6
1010,61,31,2,2556.92,65.7
1011,1462,130,7,7613.39,42.4
1012,1213,13,7,1388.93,100.0
1013,220,128,2,7513.03,21.0
1014,795,40,2,5252.63,41.5
1015,1303,120,6,6034.92,5.1
1016,340,31,6,5066.62,7.7
1017,959,15,1,4275.03,86.7
1018,317,34,4,935.69,2.7
1019,406,125,4,4745.82,98.8
1020,588,141,6,7038.62,56.0
1021,1334,66,1,2994.06,35.2
1022,1199,10,5,1784.97,39.5
1023,907,92,7,4456.74,84.7
1024,291,23,2,2042.67,85.0
1025,20,56,6,3311.92,29.8
1026,434,29,4,7644.43,64.9
1027,871,20,4,6856.71,50.3
1028,1463,141,1,1264.14,36.8
1029,635,141,7,6374.08,23.1
1030,319,126,2,6579.46,88.0
1031,281,140,7,3832.42,55.2
1032,1038,26,2,2703.17,9.8
1033,466,99,6,6847.25,63.9
1034,948,120,1,3537.54,73.8
1035,787,68,3,903.79,46.1
1036,468,136,8,1916.05,66.5
1037,1376,47,1,2442.4,7.3
1038,924,48,7,2725.41,77.1
1039,295,123,5,3486.03,13.6
1040,1417,36,2,7550.33,20.8
1041,1376,8,6,4279.21,72.2
1042,759,61,5,7949.82,59.1
1043,857,22,-5,5529.7,94.4
1044,843,116,6,7617.2,77.7
1045,158,81,1,7066.5,50.0
1046,267,117,1,2151.41,84.5
1047,952,95,4,1485.99,64.3
1048,1113,96,8,3985.38,42.3
1049,871,53,2,3292.77,55.3
1050,1165,141,1,1515.45,3.0
1051,1119,7,1,2202.51,67.9
1052,913,11,2,6099.84,92.2
1053,573,97,6,2400.52,19.8
1054,1138,2,4,3580.5,56.3
1055,1493,141,4,3241.82,93.0
1056,370,139,6,5931.46,22.5
1057,880,16,2,6595.75,22.2
1058,1320,78,3,3675.24,64.6
1059,1036,140,6,2191.72,74.9
1060,92,140,0,6010.65,99.4
1061,160,96,1,4563.85,84.2
1062,322,90,5,357.34,25.9
1063,1336,85,4,7663.5,24.5
1064,1399,9,6,4983.72,72.9
1065,503,50,4,6523.96,80.9
1066,1156,138,3,7361.18,59.2
1067,683,101,4,6330.42,75.3
1068,406,20,6,4956.83,95.1
1069,550,24,8,2295.06,6.6
1070,470,26,4,7889.27,9.8
1071,1042,103,8,1112.06,42.4
1072,469,7,5,1220.75,2.5
1073,392,43,1,5960.43,53.3
1074,286,26,2,6894.47,35.5
1075,535,120,2,490.02,85.1
1076,521,83,3,6893.76,15.3
1077,1299,98,2,7756.1,30.3
1078,1265,15,4,6084.67,58.9
1079,1032,92,3,5357.55,96.0
1080,353,5,4,7784.02,32.1
1081,654,96,5,4717.56,16.8
1082,376,91,2,4488.05,17.3
1083,370,4,7,2469.02,17.2
1084,24,4,2,1383.95,92.2
1085,702,14,7,3602.73,13.4
1086,103,22,6,3869.99,28.5
1087,1213,57,4,4356.07,17.8
1088,657,103,7,3416.99,2.1
1089,801,73,5,6012.06,83.1
1090,868,24,4,2896.51,1.5
1091,841,30,8,6873.38,67.3
1092,1466,26,1,2145.9,71.3
1093,796,134,7,2372.87,91.5
1094,599,47,6,7356.83,3.2
1095,41,23,1,6489.93,47.3
1096,912,79,8,1462.24,69.7
1097,1027,100,5,4020.06,21.9
1098,776,36,5,185.16,35.9
1099,1338,4,7,5536.89,17.3
1100,188,101,1,7007.74,62.6
1101,160,68,5,4866.91,83.5
1102,1071,68,7,5215.59,41.1
1103,720,107,5,5849.16,8.2
1104,138,95,5,1137.85,87.7
1105,928,122,5,3044.86,51.8
1106,1152,99,3,6238.86,30.8
1107,508,114,1,3353.99,88.2
1108,829,121,5,2040.61,2.7
1109,576,21,2,5905.67,42.1
1110,96,100,1,5211.64,43.1
1111,1032,124,8,1714.37,68.0
1112,1170,36,-7,6410.68,63.8
1113,1117,103,3,563.59,64.8
1114,1385,4,-8,1575.87,6.1
1115,1161,138,8,4692.7,76.7
1116,950,24,3,3407.57,32.3
1117,598,41,8,4317.76,82.2
1118,487,84,1,4330.94,95.4
1119,921,7,5,5569.4,11.3
1120,1087,42,7,2785.83,53.9
1121,1421,20,5,5965.74,27.8
1122,556,57,8,3824.66,86.0
1123,518,53,2,4681.2,75.6
1124,112,40,3,835.91,0.1
1125,135,117,7,7050.7,20.4
1126,613,135,3,4845.04,41.5
1127,1158,48,6,6820.21,45.8
1128,789,29,8,3409.69,0.2
1129,246,117,3,1146.21,55.7
1130,448,84,1,7954.7,42.1
1131,167,46,7,2099.35,99.8
1132,836,5,1,5329.2,65.8
1133,925,104,2,1860.35,36.4
1134,273,79,1,6112.26,0.1
1135,753,72,1,6136.38,25.6
1136,722,146,1,6633.85,27.2
1137,261,60,8,3018.57,93.9
1138,265,96,7,3762.38,77.5
1139,526,48,5,7299.83,88.7
1140,1166,95,7,4553.04,12.9
1141,317,81,7,3077.95,98.5
1142,924,48,4,5904.95,86.5
1143,516,64,6,2478.75,24.7
1144,21,8,2,5993.68,97.6
1145,1264,18,1,492.4,97.9
1146,243,5,5,6837.97,87.1
1147,1256,139,4,2639.04,90.1
1148,24,85,7,3131.58,16.0
1149,1247,27,3,2760.99,23.2
1150,70,95,5,1088.31,93.8
1151,837,105,7,772.88,65.9
1152,595,2,2,2732.32,48.0
1153,398,124,5,3976.94,12.1
1154,717,16,6,509.46,49.0
1155,1196,19,4,6118.18,17.9
1156,636,71,4,3731.01,19.0
1157,264,58,8,6259.87,49.3
1158,1246,19,6,7090.35,69.2
1159,1347,43,8,5535.68,85.3
1160,1043,1,6,1621.43,25.6
1161,1472,101,6,5858.47,80.8
1162,24,81,6,7382.42,4.7
1163,510,140,4,5762.91,31.9
1164,1498,11,3,290.66,20.9
1165,44,114,4,4397.51,39.9
1166,1453,53,1,4903.84,33.8
1167,540,6,4,3398.44,20.0
1168,88,44,1,3950.32,50.6
1169,578,57,1,4835.93,61.5
1170,1134,87,2,7292.7,81.1
1171,932,41,1,2003.65,65.8
1172,571,76,-3,7249.37,67.8
1173,403,21,8,547.97,53.2
1174,863,125,8,5992.59,82.3
1175,745,60,7,3318.82,24.8
1176,919,2,1,5944.92,30.1
1177,489,112,4,482.51,92.8
1178,1278,140,1,4294.12,64.1
1179,60,37,-2,446.03,11.8
1180,958,94,6,2777.83,68.9
1181,89,35,4,6612.6,96.9
1182,1210,36,8,3994.67,29.5
1183,255,143,1,7704.89,28.2
1184,580,85,1,4429.39,38.9
1185,108,81,7,1426.2,79.4
1186,63,115,7,6511.78,10.3
1187,129,94,1,1318.68,42.2
1188,185,109,-6,1672.48,0.4
1189,619,20,8,526.35,52.7
1190,749,55,4,3594.47,26.5
1191,1173,21,2,7517.86,91.8
1192,253,142,7,2472.72,71.9
1193,15,96,4,4897.46,26.4
1194,1111,68,8,2018.81,74.6
1195,445,49,4,892.07,18.6
1196,593,67,3,3884.56,78.6
1197,943,97,1,1153.63,24.0
1198,693,37,3,7355.72,62.2
1199,387,59,1,271.36,9.4
1200,1246,3,3,1778.1,29.7
1201,907,83,8,764.42,84.3
1202,806,73,7,648.58,55.1
1203,1010,116,4,6210.31,43.2
1204,823,77,8,695.91,88.7
1205,1259,81,-8,127.25,55.9
1206,1451,77,3,1168.65,28.8
1207,343,110,1,246.17,64.8
1208,502,104,8,7415.43,84.2
1209,538,106,4,2918.96,84.7
1210,1203,147,2,2588.98,48.6
1211,1447,130,8,5693.73,84.2
1212,1356,54,7,7121.08,81.4
1213,781,26,3,3548.5,21.6
1214,214,85,3,4727.22,93.5
1215,1432,42,5,2086.67,0.4
1216,1305,42,3,7780.14,70.3
1217,264,53,6,4081.72,49.2
1218,1070,13,8,3916.32,33.0
1219,1178,138,7,1679.44,72.3
1220,793,50,5,2664.08,42.8
1221,1113,16,4,6878.83,44.5
1222,1402,130,3,1146.03,9.9
1223,1011,91,7,5357.53,52.3
1224,1068,107,2,3815.06,27.5
1225,526,78,3,663.2,38.3
1226,413,136,5,4931.82,93.3
1227,1496,17,7,234.21,77.6
1228,435,132,-8,1632.49,88.2
1229,1247,72,7,5580.12,73.1
1230,993,148,2,195.72,77.0
1231,1079,4,8,7921.26,55.5
1232,1044,4,5,1716.69,75.4
1233,1124,12,6,1859.9,25.1
1234,91,60,3,1431.83,61.7
1235,960,49,2,7802.16,14.0
1236,743,94,5,4551.82,44.0
1237,413,1,2,7204.9,73.8
1238,1169,108,3,5166.96,87.4
1239,772,72,3,1429.69,89.2
1240,6,99,3,2411.03,51.6
1241,1085,24,7,5291.91,64.2
1242,849,141,8,6253.62,88.6
1243,1280,129,1,1960.98,46.0
1244,878,81,1,1901.19,67.9
1245,915,53,5,5058.73,44.8
1246,1116,139,6,6349.39,42.1
1247,1143,53,1,3755.87,6.6
1248,540,141,5,6120.63,62.7
1249,1216,103,8,6903.83,95.9
1250,1120,26,2,6312.18,60.3
1251,275,7,3,4366.16,64.4
1252,1201,34,-8,5750.62,85.0
1253,1447,131,4,4483.21,38.8
1254,943,131,7,3687.56,4.6
1255,998,114,7,6933.75,99.7
1256,1295,11,4,6734.93,65.8
1257,456,133,6,2924.06,64.4
1258,638,17,5,453.23,36.8
1259,661,13,5,5246.07,70.2
1260,153,10,4,999.26,62.8
1261,1286,69,8,3626.63,5.3
1262,475,109,6,3354.91,47.3
1263,1022,130,7,624.51,21.8
1264,1371,38,4,7564.74,36.6
1265,182,85,8,7697.68,77.4
1266,764,18,6,5176.01,99.6
1267,615,75,6,2054.77,43.3
1268,581,22,7,3171.33,72.7
1269,331,43,8,7439.79,11.5
1270,467,77,2,4559.9,7.2
1271,922,74,5,7125.94,70.5
1272,495,52,1,6501.88,85.9
1273,1199,99,1,6836.66,34.8
1274,848,112,3,3383.37,45.2
1275,276,33,-2,5998.18,91.5
1276,897,109,3,2222.45,58.8
1277,307,78,4,4975.86,1.6
1278,938,78,5,2420.75,61.7
1279,505,126,7,2526.64,86.9
1280,1298,86,3,4718.0,75.0
1281,612,12,6,1543.39,68.5
1282,686,88,1,6363.22,81.4
1283,1126,103,2,6670.77,78.2
1284,136,65,8,4333.96,57.3
1285,733,24,6,5596.48,37.4
1286,1410,3,2,3718.11,51.7
1287,1431,136,-5,2026.5,49.6
1288,173,84,6,5812.38,53.6
1289,996,141,2,3521.76,53.5
1290,931,14,2,4959.6,40.5
1291,1478,19,7,118.17,86.4
1292,1029,111,6,5970.06,1.2
1293,591,25,6,2747.58,69.5
1294,1206,145,2,3289.35,48.0
1295,278,35,-3,3274.18,89.3
1296,774,36,5,1933.65,97.7
1297,629,54,1,4950.2,4.6
1298,440,41,4,5169.76,36.4
1299,1026,103,4,6675.99,41.2
1300,396,69,5,3597.48,79.3
1301,1281,63,3,4708.41,35.7
1302,189,86,5,5038.18,17.7
1303,799,41,3,3293.85,81.4
1304,757,57,6,4136.09,62.0
1305,807,112,4,3029.87,28.9
1306,1181,142,6,4533.42,69.9
1307,309,77,6,1700.13,91.1
1308,1281,141,2,5163.53,86.3
1309,1184,7,4,5308.85,41.1
1310,1119,20,7,4353.36,29.6
1311,403,119,7,5423.11,50.0
1312,9,25,-2,6470.58,47.4
1313,1499,71,5,3907.59,55.4
1314,906,102,4,7834.46,39.8
1315,608,89,3,1238.78,57.8
1316,1292,77,7,4823.0,46.0
1317,848,99,1,2171.89,84.6
1318,448,85,5,3338.98,99.0
1319,822,64,4,7651.87,10.7
1320,1364,108,5,6059.37,19.5
1321,1416,68,8,5516.64,53.3
1322,1115,24,2,6933.3,49.4
1323,639,42,2,4668.9,71.0
1324,68,19,1,7065.43,85.3
1325,620,142,1,7642.71,77.0
1326,1375,25,5,1755.29,19.7
1327,203,23,8,887.55,92.1
1328,278,78,8,6283.26,9.8
1329,272,137,0,7768.13,52.1
1330,894,122,8,1180.07,48.5
1331,1305,128,6,3486.76,60.5
1332,311,31,5,7888.4,12.2
1333,1359,111,6,5708.89,8.2
1334,1018,80,3,2100.84,34.4
1335,1224,71,-2,2335.67,72.1
1336,218,106,6,4102.8,98.2
1337,299,48,6,5340.92,40.2
1338,531,98,8,1332.89,40.4
1339,11,97,1,755.72,85.9
1340,1307,106,7,6320.88,51.2%
1341,16,121,7,2248.35,97.2
1342,1131,38,7,979.43,35.1
1343,1242,106,3,204.05,27.8
1344,764,27,5,408.21,75.1
1345,908,38,2,334.64,85.3
1346,1435,93,3,1136.89,82.6
1347,150,7,8,6097.45,52.4
1348,259,131,5,6947.1,94.3
1349,1128,10,2,3809.29,41.0
1350,1146,7,3,4488.18,61.0
1351,1472,114,4,1011.73,14.6
1352,662,89,5,6593.95,40.2
1353,2,108,8,2517.88,76.8
1354,773,18,7,2454.49,89.4
1355,818,82,1,2000.68,45.2
1356,287,92,3,1859.1,66.4
1357,815,76,4,1636.17,72.3
1358,578,48,5,4041.29,90.9%
1359,1453,33,4,1475.46,30.1
1360,940,73,5,2048.14,87.3
1361,490,55,1,4548.49,37.9
1362,660,138,4,2769.7,60.0
1363,1414,24,3,2308.32,91.2
1364,951,139,8,7615.1,60.0
1365,11,102,3,2001.83,17.6
1366,93,78,4,6037.04,97.1
1367,434,96,-6,3402.1,67.1
1368,700,111,4,4869.25,0.2
1369,755,91,2,2790.05,71.6
1370,705,56,-5,7980.26,81.2
1371,584,85,3,3142.06,62.8
1372,723,51,7,6719.15,44.4
1373,363,121,2,7794.88,42.8
1374,113,105,7,4646.44,55.4
1375,1393,114,2,1331.45,24.6
1376,253,139,1,5097.63,20.4
1377,849,57,6,1190.67,81.9
1378,929,87,8,1302.55,31.2
1379,532,112,4,7272.12,14.9
1380,1097,67,6,6826.51,38.0
1381,431,135,2,6431.43,49.7
1382,877,101,3,2270.85,87.1
1383,375,72,5,6364.83,22.0
1384,791,121,6,6481.61,24.9
1385,1451,95,7,2418.69,42.6
1386,670,99,-2,1190.91,0.6
1387,1457,127,6,5410.13,86.6
1388,552,36,3,2624.66,2.2
1389,402,75,2,3552.98,78.3
1390,707,127,8,5547.63,85.5
1391,472,136,8,1018.12,52.0
1392,911,40,3,5477.01,94.7
1393,912,4,1,2230.84,6.4
1394,9,29,7,5400.13,84.9
1395,1385,133,2,6620.99,2.7
1396,436,109,5,3162.82,25.3
1397,1022,22,8,7581.27,51.0
1398,1228,35,4,5156.91,25.3
1399,536,95,1,3412.52,56.8
1400,680,75,2,3056.18,82.5
1401,100,56,7,7207.08,71.5
1402,1043,88,1,583.88,6.1
1403,636,118,2,1608.36,63.4
1404,782,73,6,432.3,63.9
1405,948,27,8,3661.34,26.2
1406,750,133,7,4514.16,70.3
1407,899,92,7,7824.35,11.3
1408,1099,54,4,618.82,87.0
1409,757,64,6,4359.04,58.8
1410,820,37,6,4670.17,59.3
1411,872,110,2,3907.62,56.0
1412,323,119,8,6536.82,77.6
1413,1455,16,3,4780.96,81.1
1414,957,49,3,3027.87,30.0
1415,459,143,1,3828.02,88.6
1416,1027,75,3,3806.23,92.0
1417,18,114,3,3897.78,50.4
1418,444,14,2,1218.29,85.8
1419,1458,110,6,6591.04,66.2
1420,825,117,2,3850.42,37.6
1421,33,5,7,5815.09,37.8
1422,402,118,6,6733.05,94.5
1423,28,118,4,6718.53,57.9
1424,1202,30,1,5406.92,42.1
1425,859,3,2,5987.25,9.6
1426,689,117,1,2854.33,57.2
1427,581,147,4,4053.11,20.7
1428,1298,100,7,2091.98,24.2
1429,285,105,5,1330.55,87.7
1430,341,128,7,1221.7,39.3
1431,1361,13,3,371.62,88.1
1432,427,37,2,6340.29,32.0
1433,481,82,8,5248.45,73.0
1434,120,15,7,3112.98,71.3
1435,635,137,1,4801.99,23.5
1436,1230,47,1,7592.01,33.6
1437,856,101,1,7395.35,70.6
1438,1065,18,3,4143.58,81.1
1439,8,89,6,4619.42,78.0
1440,501,3,4,7983.14,3.6
1441,256,79,7,3638.13,50.4
1442,213,104,3,3847.53,40.8
1443,1112,56,8,876.52,49.5
1444,1311,42,7,4255.12,66.5
1445,23,146,8,1355.43,42.5
1446,1234,138,4,7601.86,99.0
1447,977,123,1,2010.52,31.8
1448,1141,95,8,4865.77,49.6
1449,794,85,1,7355.8,94.1
1450,812,90,8,652.77,82.3
1451,1335,93,2,5221.47,84.2
1452,1007,90,-1,2168.93,59.4
1453,308,88,8,5176.23,77.4
1454,823,89,1,6701.34,3.6
1455,788,44,3,6822.76,40.8
1456,789,109,-1,5147.62,2.0
1457,51,84,3,3664.74,23.9
1458,753,105,8,6473.4,76.3
1459,764,57,8,4387.73,49.3
1460,725,132,5,3108.46,42.9
1461,724,141,4,4102.74,78.7
1462,493,40,7,6673.79,21.6
1463,500,41,1,3834.82,52.5
1464,882,87,7,1825.7,82.9
1465,359,137,1,6344.52,31.9
1466,1236,51,5,6599.58,5.1
1467,1301,89,1,7325.96,49.0
1468,1386,34,1,601.14,13.8
1469,133,36,1,5297.68,95.9
1470,678,49,8,5524.65,68.5
1471,342,103,2,894.51,14.2
1472,1368,89,6,2187.12,55.1
1473,701,21,2,4017.69,52.9
1474,193,21,5,423.72,60.4
1475,65,107,8,2817.76,35.7
1476,288,23,3,950.46,45.6
1477,208,45,6,3443.11,72.2
1478,1273,16,-7,1036.37,97.6
1479,689,19,7,6674.84,24.0
1480,293,33,7,2555.04,3.2
1481,1088,143,7,889.67,17.3
1482,497,103,1,7492.5,65.8
1483,966,93,5,1243.55,17.6
1484,585,67,6,4890.39,6.4
1485,174,10,4,5687.26,64.7
1486,1198,30,3,3920.79,67.8
1487,1043,29,8,6279.85,34.0
1488,201,106,7,5974.75,73.1
1489,56,92,4,6316.09,44.3
1490,1493,21,3,3949.86,44.2
1491,1324,97,6,2265.9,5.1
1492,349,81,4,370.3,21.3
1493,422,70,7,1978.14,77.9
1494,869,139,7,2849.09,62.5
1495,643,26,2,6657.83,66.5
1496,1121,44,4,894.35,31.1
1497,793,134,6,6190.49,74.0
1498,177,123,2,1855.88,84.1
1499,378,12,4,3780.27,51.0
1500,936,30,-1,2130.14,71.7
1501,214,47,7,6983.76,2.8
1502,1317,78,4,739.32,11.0
1503,1229,48,6,4883.51,14.2
1504,1025,107,8,3569.61,73.4
1505,903,140,3,2899.57,10.7
1506,587,12,4,4005.91,45.9
1507,619,77,3,5276.69,71.7
1508,853,25,7,3451.68,147.6
1509,864,54,5,3059.29,29.6
1510,990,6,7,2076.99,31.3
1511,1313,59,4,7694.2,0.3
1512,1448,30,7,722.19,34.5
1513,1405,38,3,2705.66,22.3
1514,1099,30,2,1113.43,15.7
1515,1077,134,8,7573.4,65.2
1516,277,28,5,2350.39,61.4
1517,1133,137,8,6843.97,79.1
1518,1448,81,2,174.36,7.7
1519,722,115,7,3322.68,82.9
1520,1039,19,3,916.51,59.7
1521,803,136,2,4251.89,69.0
1522,387,44,3,1736.73,82.3
1523,1258,135,2,5559.32,42.2
1524,335,92,6,6798.29,31.0
1525,1393,81,5,4077.82,34.2
1526,701,28,2,7993.61,21.8
1527,521,127,8,4841.57,74.0
1528,249,139,7,939.72,70.3
1529,479,25,7,2928.26,9.8
1530,1355,87,6,4864.55,0.9
1531,569,9,1,5326.65,36.2
1532,858,103,3,5124.8,89.2
1533,279,31,2,7707.63,47.0
1534,350,70,8,7799.51,70.6
1535,504,48,2,6356.11,72.2
1536,345,76,4,213.89,89.2
1537,1429,79,5,343.46,69.3
1538,689,107,8,7510.04,11.8
1539,134,50,-5,2351.56,30.9
1540,115,131,8,5126.67,30.0
1541,1263,69,3,7224.36,78.0
1542,887,95,3,1485.88,63.4
1543,134,139,7,4601.79,23.4
1544,305,76,4,5006.78,23.0
1545,1060,138,1,4147.86,18.8
1546,1254,66,4,3833.85,10.3
1547,1271,35,1,2959.57,28.8
1548,1146,134,6,1713.2,82.1
1549,1240,109,6,7377.19,84.4
1550,1126,134,5,859.4,86.2
1551,563,73,-4,6405.54,34.0
1552,837,28,7,3525.74,45.0
1553,535,113,8,275.77,86.3
1554,918,27,2,1797.65,52.4
1555,41,25,6,3408.77,117.6
1556,754,112,7,4547.5,72.3
1557,837,148,-6,7418.18,32.4
1558,891,19,4,1172.14,71.2
1559,267,85,8,1425.77,33.1
1560,771,78,1,2001.67,32.4
1561,1146,14,2,2070.01,64.7
1562,290,113,7,1843.8,72.0
1563,302,126,7,6471.45,115.4
1564,398,109,8,3851.3,89.2
1565,1472,63,4,1769.15,59.5
1566,1463,13,4,7707.73,19.6
1567,355,106,8,7098.68,30.1
1568,1240,126,3,3611.52,31.3
1569,585,129,8,6209.73,37.4
1570,492,122,6,1603.04,75.0
1571,957,91,7,2323.0,26.5
1572,426,16,2,1677.8,8.8
1573,732,130,1,467.44,85.1
1574,866,94,3,2180.79,24.4
1575,1400,4,4,1682.25,67.7
1576,1198,93,1,7996.36,73.7
1577,165,23,7,6146.53,50.2
1578,639,79,2,1798.79,96.2
1579,1476,119,8,4134.74,76.4%
1580,764,35,7,6277.59,38.3
1581,1437,60,6,4730.72,1.7
1582,986,62,-4,5664.54,49.6
1583,67,79,7,2101.68,35.5
1584,696,43,8,1784.39,59.1
1585,1377,43,5,6638.15,0.3
1586,833,106,4,1882.72,35.7
1587,1036,49,5,3884.62,9.6
1588,161,90,1,1645.2,90.1
1589,672,88,4,6228.98,36.5
1590,1135,97,1,5676.47,67.7
1591,441,138,6,7108.08,86.5
1592,85,15,4,1840.68,53.2
1593,355,80,4,2139.79,38.5
1594,1204,27,3,3022.81,46.3
1595,181,51,3,3830.24,19.3
1596,389,16,4,2915.23,19.6
1597,835,93,5,4309.31,67.2
1598,667,78,5,3707.29,74.1
1599,1225,69,2,1551.72,59.1
1600,215,98,6,5507.04,93.5
1601,272,41,7,565.1,75.4
1602,172,128,5,3295.53,14.1
1603,63,136,6,5238.03,38.1
1604,285,91,4,6417.08,70.8
1605,1322,119,8,5055.65,4.9
1606,1250,90,5,5906.63,25.4
1607,1316,6,2,5766.03,4.5
1608,373,68,3,3255.53,80.6
1609,1244,88,1,2473.44,47.7
1610,804,67,1,6977.93,63.5
1611,1008,136,4,2700.91,84.1
1612,422,100,8,3461.99,98.3
1613,1489,50,1,7427.08,84.3
1614,1183,4,-7,6662.59,27.7
1615,661,63,4,1057.9,72.1
1616,1498,13,3,2533.51,58.9
1617,441,15,6,4530.27,58.9
1618,1059,104,6,5868.21,49.3
1619,1357,137,7,5541.26,14.9
1620,448,40,3,7259.24,71.7
1621,866,125,4,7196.39,51.4
1622,551,72,7,4925.41,39.9
1623,706,85,6,1257.82,23.1
1624,132,75,3,3959.5,53.7
1625,1264,127,7,1336.27,44.4
1626,893,80,7,4943.72,35.6
1627,424,90,2,4830.93,23.8
1628,1336,40,3,6295.84,83.7
1629,1230,43,3,4242.17,75.9
1630,170,130,8,4585.03,52.0
1631,449,113,1,1652.63,30.0
1632,559,107,4,3253.14,98.7
1633,826,36,1,7150.72,4.1
1634,129,28,8,6020.16,39.5
1635,747,11,3,2857.29,44.4
1636,1345,56,3,7599.09,97.0
1637,374,107,4,3686.51,87.5
1638,1150,6,5,3241.55,64.1%
1639,935,124,8,6272.09,56.3
1640,695,53,6,5452.93,27.7
1641,689,147,2,4377.83,52.0
1642,668,78,8,2868.99,78.0
1643,1009,27,5,5145.31,30.6
1644,111,125,6,1480.3,129.5
1645,105,13,7,2457.82,11.3
1646,493,19,2,2092.86,45.5
1647,213,58,5,1466.3,94.3
1648,958,55,6,5107.65,30.9
1649,1193,89,6,4337.61,96.7
1650,1088,68,8,3953.61,92.8
1651,4,77,2,1982.86,74.2
1652,1010,106,1,6474.22,99.7
1653,697,11,8,5578.92,97.4
1654,796,26,4,5739.69,40.2
1655,785,118,1,5454.66,65.9
1656,815,40,5,3516.56,59.7
1657,912,103,2,6502.34,23.6
1658,1080,105,4,3484.65,100.0
1659,708,28,1,1149.43,53.8
1660,635,59,4,1597.54,60.4
1661,129,69,7,1877.63,48.0
1662,468,94,1,7789.8,66.8
1663,1371,107,7,1311.6,82.4
1664,1072,100,4,4771.25,26.4
1665,541,43,7,6500.96,67.2
1666,301,86,6,752.61,10.8
1667,1434,55,5,2615.94,96.4
1668,1091,88,3,2313.3,92.5
1669,1328,139,2,1581.88,96.6
1670,573,128,2,6716.26,72.2
1671,663,69,2,1409.92,94.6
1672,987,102,1,3599.04,54.2%
1673,1114,61,5,5885.29,1.1
1674,853,48,8,3048.09,48.3
1675,1027,100,2,4410.24,84.6
1676,1260,110,4,5403.16,38.7
1677,1397,6,8,758.18,3.7
1678,32,59,7,6401.07,3.3
1679,142,96,5,7984.59,70.5
1680,681,64,2,1223.39,39.1
1681,8,36,2,3243.99,13.9
1682,1054,3,3,7440.86,2.5
1683,611,50,3,1932.05,77.3
1684,520,97,-2,1990.57,80.3
1685,182,39,4,1064.73,87.6
1686,452,87,4,3004.38,95.2
1687,926,15,8,743.42,48.6
1688,475,143,5,7469.59,38.2
1689,952,112,6,4513.06,11.5
1690,1467,117,-1,2550.3,94.2
1691,861,116,4,3832.11,23.6
1692,1112,72,6,7179.48,26.4%
1693,706,100,1,7867.43,72.5
1694,738,53,1,1381.36,5.1
1695,629,116,5,1027.2,10.8
1696,794,148,6,3404.79,46.1
1697,529,98,4,7551.86,68.0
1698,1332,105,6,3527.6,72.4
1699,903,117,2,3337.16,54.8
1700,457,128,8,6079.26,20.5
1701,897,62,8,6482.39,92.3
1702,1338,43,6,3413.6,18.7
1703,471,65,5,5506.85,77.6
1704,530,59,5,6533.72,89.0
1705,1227,79,1,1131.07,34.1
1706,520,136,2,3910.91,83.5
1707,1066,3,6,7581.95,24.5
1708,841,78,5,2557.04,14.3
1709,915,140,3,3889.4,86.0
1710,985,9,-7,1906.61,59.0
1711,1182,34,2,2675.63,40.1
1712,516,41,8,1359.89,88.6
1713,616,30,5,1472.08,81.7
1714,1437,11,-7,1543.74,55.7
1715,1344,1,3,5509.72,15.0
1716,282,18,2,2450.7,94.7
1717,729,44,1,3378.91,87.4
1718,986,137,7,2097.61,17.1
1719,1011,37,6,7516.92,18.9
1720,688,115,4,4325.78,64.4
1721,1299,118,3,696.27,74.2
1722,271,8,1,944.17,43.2
1723,488,59,3,465.14,84.8
1724,698,130,3,129.63,26.9
1725,159,110,3,4330.66,93.8
1726,942,78,4,757.93,60.2
1727,325,99,2,7326.45,29.9
1728,963,116,3,7412.84,23.8
1729,1302,79,4,5695.41,46.1
1730,771,93,4,2503.98,89.7
1731,89,41,8,6046.2,85.1
1732,858,13,1,7431.96,64.7
1733,262,74,1,174.92,6.6
1734,68,57,3,7755.14,83.3
1735,121,26,7,4803.92,8.5
1736,135,67,6,7559.36,11.4
1737,258,58,8,4615.47,78.8
1738,1306,63,4,7881.91,27.3
1739,511,6,6,7301.59,48.1
1740,88,52,3,1391.85,30.1
1741,139,80,3,399.69,97.1
1742,1464,73,5,2070.41,73.8
1743,908,94,3,4992.02,59.9
1744,655,55,5,1651.98,95.6
1745,1047,26,3,1478.69,46.9
1746,371,59,4,1936.3,34.0
1747,767,49,7,1304.96,75.8
1748,271,84,8,2840.04,32.4
1749,1204,69,2,809.22,94.7
1750,162,106,1,5216.28,68.7
1751,1059,20,3,792.05,32.1
1752,1494,80,2,5888.8,88.6
1753,644,92,5,4970.12,87.4
1754,569,105,8,3199.42,79.8
1755,1099,94,-4,1050.56,41.1
1756,316,15,7,7004.61,0.1
1757,159,79,6,4057.7,35.8
1758,224,12,4,3437.42,91.3
1759,1052,135,2,3399.02,9.6
1760,1137,134,2,2320.28,97.4
1761,862,12,2,5691.0,73.4
1762,981,46,6,3116.29,99.3
1763,595,115,-1,5744.83,132.3
1764,59,137,3,2878.47,28.3
1765,761,27,4,3603.21,88.4
1766,1156,10,5,4434.14,41.2
1767,207,22,7,3401.06,37.3
1768,510,23,7,2873.64,60.8
1769,709,110,1,1755.12,93.2
1770,204,97,6,6187.19,70.4
1771,1379,40,8,4776.03,16.1
1772,49,15,1,5351.81,13.8
1773,428,146,6,4107.52,74.4
1774,415,73,8,4211.38,47.8
1775,630,58,4,569.57,3.0
1776,556,106,1,2296.04,43.8
1777,690,40,7,5576.18,35.9
1778,588,10,8,539.93,16.6
1779,1063,145,6,6839.61,97.6
1780,690,18,1,4181.0,62.9
1781,1134,76,7,4383.89,11.5
1782,801,83,5,4711.26,38.2
1783,1115,101,5,1243.51,79.9
1784,226,137,4,3745.77,46.2
1785,510,147,1,3107.12,58.7
1786,255,27,-7,2183.18,93.1
1787,839,144,3,3089.08,65.8
1788,228,144,4,1841.51,7.8
1789,912,81,2,2800.27,8.6
1790,792,117,1,4068.39,41.4
1791,725,100,2,3724.29,21.3
1792,112,117,5,6140.11,45.8
1793,1076,116,-5,7945.71,45.0
1794,183,48,1,4906.82,70.8
1795,479,17,7,6684.3,1.7
1796,1235,104,1,3232.96,8.8
1797,576,113,6,1409.37,22.6
1798,1063,106,5,4835.63,87.7
1799,110,117,5,3791.65,89.8
1800,635,51,-8,3941.66,95.6
1801,1441,109,4,3608.79,10.3
1802,731,86,1,286.65,92.2
1803,1437,88,7,1943.02,66.2
1804,738,63,6,7886.54,48.0
1805,713,55,1,2557.82,69.5
1806,1164,78,7,4946.05,64.8
1807,1148,90,7,4101.88,71.8
1808,929,24,7,2024.45,62.2
1809,1248,100,5,7675.78,27.3
1810,948,33,8,2985.8,55.9
1811,760,68,2,1176.36,2.4
1812,1287,84,7,4780.98,69.4
1813,203,139,6,1923.13,71.7
1814,675,7,7,7722.54,36.2
1815,114,22,3,478.49,8.0
1816,1277,132,6,6784.09,46.0
1817,396,136,2,1924.81,4.7
1818,1149,104,5,4626.39,5.1
1819,955,63,8,1822.61,6.1
1820,1087,141,7,7758.47,72.5
1821,985,99,3,1785.25,8.2
1822,1414,112,2,5770.49,82.8
1823,31,63,4,7313.18,60.9
1824,1093,39,3,634.99,57.2
1825,1280,146,7,1480.96,88.8
1826,1401,134,6,1573.35,18.5
1827,232,30,5,7382.18,63.0
1828,1151,128,2,1844.21,42.6
1829,796,43,8,5649.6,59.4
1830,1495,69,8,511.83,92.2
1831,444,38,7,1018.22,17.9
1832,1163,126,4,4327.98,0.7
1833,1186,81,8,7764.35,79.7
1834,982,56,6,6547.38,25.5
1835,949,111,7,1825.5,52.8
1836,1113,11,2,4489.33,73.0
1837,1306,144,6,5970.61,50.8
1838,1467,134,3,7281.99,86.4
1839,306,48,4,1913.27,42.7
1840,1380,18,1,4975.74,84.5
1841,322,84,7,4943.27,43.0
1842,622,138,6,253.93,95.7
1843,926,35,5,7029.2,20.8
1844,1311,71,3,5992.0,145.3
1845,1148,8,4,1717.22,11.5
1846,1144,121,2,1846.8,42.2
1847,204,112,-5,111.34,37.4
1848,205,85,7,341.96,54.7
1849,606,25,2,4682.84,41.3
1850,852,26,2,243.45,61.0
1851,1132,13,4,5695.95,37.2
1852,118,79,6,7874.44,64.8
1853,179,30,8,2784.91,87.0
1854,1131,138,6,2622.8,68.6
1855,735,137,3,7867.08,27.6
1856,269,46,1,1030.09,54.4
1857,93,84,4,7681.03,76.8
1858,920,106,6,3614.85,60.0
1859,1399,27,-4,2717.73,41.2
1860,80,28,0,4602.9,89.2
1861,770,16,6,1534.12,77.7
1862,1058,81,1,3722.2,68.1
1863,1172,123,-4,4017.15,39.0
1864,452,55,3,7439.26,69.6
1865,1149,132,8,5445.35,88.3
1866,498,14,7,6206.45,25.8
1867,1491,77,1,4021.89,28.5
1868,89,116,5,5176.3,25.3
1869,476,77,7,5976.16,13.5
1870,1188,132,8,962.09,39.1
1871,1242,147,4,7642.96,63.7
1872,1131,19,7,3658.47,75.6
1873,432,15,7,6608.11,99.1
1874,1305,50,8,5525.0,46.6
1875,405,129,6,120.65,50.8
1876,1397,12,6,1593.81,58.2
1877,940,61,3,7699.84,93.0
1878,386,36,6,6490.01,28.5
1879,1455,92,3,691.21,42.4
1880,964,65,6,7894.89,4.2
1881,803,29,2,2197.2,93.3
1882,30,108,3,7424.66,59.7
1883,486,7,-6,916.61,15.4
1884,664,88,6,4503.91,35.3
1885,1241,80,6,1776.74,33.3
1886,842,10,4,3338.55,98.6
1887,292,109,1,6616.0,40.0
1888,214,118,1,1282.37,56.4
1889,80,15,1,3751.6,91.8
1890,235,98,4,2543.78,3.3
1891,149,41,3,1629.74,23.8
1892,856,11,7,988.55,85.0
1893,111,81,1,1248.01,23.3
1894,298,16,5,5909.17,53.5
1895,343,108,7,5315.85,83.1
1896,1006,105,1,5659.14,36.6
1897,319,66,1,5571.62,1.9
1898,535,4,6,3679.08,46.6
1899,889,23,-8,4887.37,41.7
1900,126,35,3,4892.64,95.3
1901,700,51,3,662.49,64.4
1902,413,20,8,3451.54,33.5
1903,1073,49,7,7758.37,57.7
1904,1405,70,2,7974.0,13.4
1905,41,134,2,769.45,60.4
1906,211,94,-8,3823.12,69.2
1907,461,109,3,917.34,94.9
1908,671,18,6,3678.79,15.2
1909,742,8,2,7408.72,5.1
1910,471,45,-3,2849.32,28.9
1911,970,69,1,1459.97,90.1
1912,925,80,8,6894.76,33.4
1913,1329,43,5,1295.65,66.3
1914,1393,94,1,992.75,77.9
1915,868,102,2,1983.01,93.7
1916,1017,23,8,5440.87,37.7
1917,564,70,8,6419.51,52.1
1918,729,114,1,6573.95,33.7
1919,650,38,5,4975.9,55.8
1920,1420,19,8,7220.76,9.1
1921,340,20,5,4142.26,55.4
1922,407,71,4,1030.5,66.6
1923,1015,35,1,1333.95,65.7
1924,1123,27,1,4418.53,16.4
1925,916,79,3,6454.49,47.0
1926,1398,122,-7,2058.46,45.6
1927,296,47,3,3718.29,49.9
1928,1110,135,7,3480.07,91.9
1929,483,72,8,2302.37,51.3
1930,7,85,1,7961.41,72.2
1931,511,133,7,5341.56,6.4
1932,1473,90,1,6747.76,52.8
1933,492,16,7,7851.39,41.0
1934,72,34,-8,4944.98,51.8
1935,1333,126,3,2006.05,5.3
1936,129,27,2,1379.41,29.8
1937,98,102,3,5618.38,49.2
1938,725,111,7,2460.58,62.3
1939,694,36,6,4230.79,2.9
1940,1257,70,2,4234.16,54.0
1941,1091,74,7,4255.18,31.0
1942,1107,143,8,451.2,7.9
1943,782,134,8,6932.5,21.0
1944,1110,87,7,3595.86,87.3
1945,990,115,3,5936.37,98.2
1946,455,69,4,731.95,74.3
1947,356,50,6,7831.17,63.7
1948,696,136,3,3678.04,64.4
1949,260,44,6,581.08,12.6
1950,1489,40,6,7389.97,2.3
1951,922,118,6,3343.3,60.4
1952,863,74,1,3865.74,55.8
1953,609,72,7,4268.38,84.1
1954,1413,42,5,5994.28,20.7
1955,332,62,5,4323.81,91.8
1956,845,7,5,4783.31,84.2
1957,1421,31,6,7558.03,4.7
1958,1126,14,4,819.83,75.9
1959,448,53,6,7985.87,3.8
1960,1048,118,8,2676.01,45.8
1961,1368,76,2,2989.93,43.1
1962,1329,62,6,2811.75,57.0
1963,587,20,7,755.53,11.5
1964,127,117,4,5548.46,13.1
1965,614,96,3,5235.88,9.6
1966,1292,99,8,1276.61,80.4
1967,743,62,5,5872.14,54.7
1968,355,95,3,1431.4,99.2
1969,1468,23,4,2387.54,83.5
1970,579,123,1,1401.65,47.8
1971,1218,23,5,5277.72,90.4
1972,141,52,2,7709.54,97.7
1973,1011,62,4,3516.0,17.6
1974,418,129,5,1020.33,2.6
1975,1234,13,2,2390.99,85.9
1976,1180,106,2,2485.95,36.0
1977,193,114,1,1813.97,32.1
1978,1425,18,3,6914.36,39.9
1979,982,75,8,1819.47,54.8
1980,510,70,1,984.91,72.2
1981,119,127,5,7669.38,7.7
1982,428,31,8,2929.04,86.0
1983,1376,15,-7,4029.96,64.2
1984,1254,98,6,3571.99,84.7
1985,813,102,4,3747.09,1.4
1986,1396,82,4,6150.36,21.8
1987,374,56,1,6946.52,6.6
1988,1426,139,5,6045.83,33.8
1989,292,135,4,2022.91,33.5
1990,231,55,6,1216.85,37.4
1991,482,110,2,6275.61,96.4
1992,298,62,8,4427.65,48.9
1993,561,133,1,3348.44,43.9
1994,467,28,7,2199.42,39.3
1995,10,132,8,4643.19,48.1
1996,1457,55,2,2099.18,7.9
1997,769,20,7,4358.22,11.8
1998,777,90,2,6013.27,2.2
1999,475,128,5,7761.24,38.0
2000,576,87,8,315.69,29.0
2001,848,36,6,326.43,23.1
2002,258,26,3,1842.32,52.3
2003,1190,84,8,3185.57,53.0
2004,739,9,-8,1630.06,2.9
2005,564,136,2,5576.07,26.0
2006,998,147,5,5989.49,47.4
2007,584,100,6,7022.56,12.4
2008,725,112,7,6698.92,98.1
2009,1472,18,3,161.24,1.2
2010,642,31,8,4681.67,78.3
2011,187,12,7,6604.17,42.3
2012,1344,87,1,4493.87,94.6
2013,1160,78,8,5933.64,4.1
2014,642,90,5,2378.52,62.6
2015,967,92,3,7146.31,20.2
2016,775,71,7,4482.88,66.0
2017,133,135,8,6640.72,34.2
2018,1491,148,8,4221.75,59.5%
2019,212,95,2,700.93,93.3
2020,436,133,4,2969.6,30.3
2021,1491,127,6,4026.63,72.2
2022,195,41,-8,4528.03,12.1
2023,1171,95,2,4483.92,3.1
2024,417,141,1,3354.28,2.0
2025,274,28,4,2951.96,6.3
2026,44,115,1,7944.89,47.2
2027,1444,112,1,6236.03,52.8
2028,481,70,4,6741.15,75.2
2029,1402,46,5,5563.36,49.2
2030,273,110,7,6407.7,67.3
2031,556,128,8,809.52,59.8
2032,125,48,0,7363.56,4.0
2033,524,89,7,7934.39,22.6
2034,946,67,3,3602.08,24.2
2035,981,95,1,783.68,51.5
2036,734,54,2,1680.83,76.0
2037,529,34,7,4843.79,20.9
2038,449,128,3,3261.95,77.3
2039,21,14,3,1742.39,3.5
2040,23,69,1,1226.34,20.8
2041,1093,72,4,1653.56,12.4
2042,552,119,6,751.67,36.0
2043,978,108,4,6427.48,64.2
2044,1491,37,7,5255.13,38.6
2045,662,53,2,4361.1,22.2
2046,419,68,3,5216.77,99.1
2047,960,133,3,5121.71,57.2
2048,1381,108,4,3041.13,23.8
2049,1330,135,6,5479.39,72.7
2050,610,146,7,3285.85,45.8
2051,380,80,7,2931.16,61.6
2052,905,76,3,1306.36,32.5
2053,412,143,4,1900.03,60.4
2054,120,132,6,3376.59,43.5
2055,418,98,8,5932.81,9.1
2056,381,44,7,1425.18,73.6
2057,197,53,4,2216.42,21.4
2058,426,40,2,4434.85,43.1
2059,961,132,7,3633.46,76.9
2060,1374,6,6,2307.21,48.4
2061,1146,28,4,2411.82,93.8
2062,523,127,1,6535.42,71.6
2063,1458,84,4,4362.54,76.8
2064,907,139,3,5307.53,38.9
2065,503,68,5,4787.98,92.2
2066,119,39,6,4114.08,61.9
2067,1311,43,4,5194.9,82.9
2068,230,48,5,7011.44,35.8
2069,677,80,2,6598.1,50.4
2070,904,71,7,105.46,30.0
2071,693,12,8,1067.95,74.2
2072,1457,18,4,3299.98,31.3
2073,1114,107,1,1068.72,52.1
2074,987,50,-7,4173.44,143.3
2075,1110,24,1,346.22,18.4
2076,238,49,6,7323.21,80.8
2077,1215,57,7,385.84,35.6
2078,638,38,7,3521.49,66.0
2079,749,5,4,7587.03,85.0
2080,153,50,8,4841.28,8.4
2081,1364,14,5,1164.68,56.3
2082,1468,115,4,7491.51,47.1
2083,269,9,5,939.11,69.1
2084,192,44,4,4776.08,83.0
2085,1369,59,2,6668.55,6.3
2086,278,16,4,2921.7,87.5
2087,1035,27,7,6346.63,81.6
2088,736,8,1,5102.8,57.1
2089,562,27,6,6060.82,84.3
2090,1024,27,1,6477.46,84.0
2091,722,8,5,6742.16,27.3
2092,270,117,-7,6812.19,33.2
2093,1340,11,5,4504.26,68.4
2094,736,117,8,2266.02,30.5
2095,800,22,8,6798.98,67.4
2096,253,121,6,7511.42,96.7
2097,794,34,5,4198.15,58.2
2098,389,79,8,6092.58,38.7
2099,1333,12,3,7021.42,59.4
2100,746,128,2,6729.58,74.6
2101,800,9,3,1265.39,14.8
2102,222,93,1,4227.6,61.9
2103,386,31,1,5044.91,90.8
2104,307,33,5,2702.16,96.1
2105,1486,28,-2,1260.38,87.8
2106,1049,57,5,693.33,86.2
2107,1115,39,5,1654.99,84.3
2108,1276,145,5,7430.97,42.7
2109,837,89,2,7684.9,80.4
2110,579,89,8,6463.71,81.1
2111,1012,39,3,2474.01,52.3
2112,1079,143,6,1113.27,32.2
2113,1047,121,3,7880.75,25.2
2114,1107,140,-3,3234.01,43.5
2115,642,54,8,6639.59,44.7
2116,1453,35,2,5762.58,39.0
2117,540,57,7,372.29,84.1
2118,1224,98,1,6461.63,8.2
2119,199,32,5,2242.65,20.5
2120,1261,120,6,7108.6,78.5
2121,1017,94,1,5995.86,79.2
2122,1049,104,6,5052.5,73.4
2123,523,56,1,6491.08,13.1
2124,432,55,8,4168.26,49.1
2125,594,116,2,6980.46,32.1
2126,1138,119,4,5881.5,87.8
2127,724,103,5,4021.32,0.6
2128,247,47,-1,3083.24,71.7
2129,1138,67,3,1778.96,85.6
2130,738,81,8,6344.51,59.9
2131,1113,91,7,389.8,40.2
2132,1185,144,4,5262.11,26.5
2133,372,31,2,2543.37,86.0
2134,1455,58,1,3794.69,68.2
2135,1132,96,7,849.3,68.9
2136,397,101,5,4047.16,75.5
2137,740,144,6,3258.02,42.8
2138,1138,7,7,2537.93,48.6
2139,832,30,5,6854.23,19.2
2140,631,73,6,692.47,22.4
2141,27,23,3,2083.8,61.8
2142,943,5,1,3210.86,80.0
2143,1087,7,5,5303.52,57.1
2144,1384,101,7,3109.03,66.6
2145,1043,100,2,1630.01,18.1
2146,746,93,8,7298.26,62.0
2147,1267,25,8,7023.91,46.7
2148,869,131,8,6486.16,73.0
2149,1073,88,6,4334.72,64.1
2150,601,55,8,3090.17,96.8
2151,1010,109,4,2245.18,49.6
2152,1268,67,6,6408.12,73.5
2153,518,82,5,2856.08,84.2
2154,1146,70,1,285.79,36.5
2155,573,142,7,5027.57,33.3
2156,826,53,1,157.6,23.0
2157,567,8,4,2056.63,60.1
2158,448,46,8,7743.96,87.5
2159,1092,116,5,462.53,73.8
2160,808,111,7,7403.75,46.7
2161,542,29,1,7617.98,90.3
2162,182,6,6,5698.83,75.8
2163,613,133,3,3915.22,53.3
2164,45,110,5,4569.67,46.9
2165,1209,54,2,2639.31,86.2
2166,958,8,-6,2817.11,75.7
2167,1110,31,7,3518.43,47.0
2168,1008,119,3,5778.36,92.2
2169,509,128,5,4215.25,29.8
2170,92,104,7,2742.28,69.3
2171,1102,78,6,3475.79,4.1
2172,948,55,8,7754.98,80.6
2173,982,48,7,2349.51,67.8
2174,799,66,1,6948.28,55.4
2175,535,69,4,3990.34,51.9
2176,1282,9,1,7217.9,99.7
2177,111,32,8,140.12,71.3
2178,781,51,6,5226.89,89.9
2179,7,63,-4,7143.11,91.0
2180,1399,119,1,1026.98,35.3
2181,669,2,4,1253.16,97.5
2182,788,133,1,5347.98,53.2
2183,115,89,3,4273.93,12.4
2184,419,81,5,1818.36,51.6
2185,1098,41,3,5140.87,32.7
2186,728,26,8,6141.04,87.0
2187,163,87,6,5207.52,68.6
2188,673,78,6,7501.2,12.4
2189,1136,73,5,916.18,79.9
2190,595,11,2,5923.04,51.0
2191,1430,54,4,7468.93,41.3
2192,899,85,6,714.64,6.2
2193,582,31,5,5057.92,93.4
2194,1261,10,3,6827.05,73.7
2195,1166,107,1,7005.91,89.3
2196,864,126,8,6779.07,10.6
2197,540,6,2,1845.88,90.2
2198,405,17,7,7299.01,98.6
2199,102,15,5,5578.1,20.2
2200,745,112,6,4489.91,79.0
2201,1348,124,3,4510.12,97.0
2202,1189,24,7,6580.94,61.3
2203,966,144,1,501.44,20.1
2204,95,63,6,5773.76,45.7
2205,1324,7,2,4235.75,95.6
2206,355,12,2,6123.53,19.7
2207,1169,111,3,4927.6,19.0
2208,1063,44,4,7286.21,66.6
2209,845,116,2,4272.89,28.3
2210,1050,24,7,2256.46,84.3
2211,563,8,3,3297.58,29.2
2212,491,114,5,6155.32,76.5
2213,638,100,6,4442.36,44.4
2214,1441,86,8,7603.99,38.4
2215,313,97,4,6483.88,40.3
2216,1064,17,1,6461.11,26.8
2217,1291,35,2,6734.28,57.7
2218,553,14,5,1567.34,5.2
2219,670,127,7,4165.98,49.2
2220,921,103,4,2704.65,58.4
2221,1099,34,6,3144.45,67.7
2222,460,43,7,3452.36,63.9
2223,87,16,8,2117.34,43.4
2224,104,64,5,4129.8,44.3
2225,838,96,6,4616.03,52.8
2226,381,48,2,6832.52,32.0
2227,572,33,8,7961.32,18.6
2228,1006,12,4,3277.47,92.0
2229,606,53,1,744.02,26.7
2230,880,25,7,2736.64,13.3
2231,1286,124,2,7238.17,50.4
2232,287,28,8,2993.62,22.1
2233,490,40,7,2779.3,93.6
2234,720,102,1,1097.45,28.2
2235,299,65,1,782.94,41.4
2236,969,15,8,3425.79,94.0
2237,1404,112,3,160.96,88.9
2238,1071,24,8,2621.73,95.7
2239,471,60,7,1700.61,18.0
2240,858,85,1,4284.83,73.4
2241,303,70,8,4695.29,18.8
2242,1175,7,3,6024.02,78.4
2243,68,81,3,6863.93,65.2
2244,488,2,2,2347.02,77.5
2245,1107,73,6,5629.23,19.4
2246,948,3,2,1942.97,92.9
2247,459,55,5,1553.1,70.4
2248,768,10,8,6790.11,37.4
2249,142,15,6,5942.02,96.8
2250,1333,19,6,4758.33,77.4
2251,1481,77,8,3068.76,64.4
2252,685,147,1,6431.32,29.6
2253,1181,67,4,269.49,49.7
2254,922,29,7,4350.08,64.8
2255,133,32,3,7827.73,83.0
2256,7,81,7,5942.08,2.6
2257,279,128,2,127.56,55.6
2258,1006,127,7,2823.33,84.4
2259,1154,86,1,3766.75,69.8
2260,1302,82,7,4839.19,40.1
2261,247,53,6,5518.19,99.0
2262,1087,45,6,5861.73,56.9
2263,1309,122,6,936.14,46.7
2264,578,128,4,1132.67,11.3
2265,629,56,8,7880.75,92.9
2266,165,52,4,4763.01,75.2
2267,183,146,1,3463.71,57.8
2268,1137,123,7,1765.47,23.9
2269,483,85,4,4289.92,51.6
2270,984,130,6,520.78,59.8
2271,926,60,2,3285.52,85.4
2272,17,63,3,1846.12,44.0
2273,988,127,5,3571.08,83.6
2274,1313,82,8,3723.57,20.4
2275,289,118,4,5595.77,6.9
2276,1319,91,3,373.65,78.7
2277,944,2,7,1656.93,57.7
2278,218,16,6,6096.23,22.8
2279,1198,39,-2,3945.6,74.9
2280,1252,30,0,6821.33,80.0
2281,1083,79,4,6915.01,58.6
2282,190,106,2,4045.93,85.5
2283,853,42,5,1374.84,18.7
2284,348,37,1,6661.18,34.2
2285,789,99,0,6708.61,8.3
2286,104,107,1,7414.75,83.3
2287,733,28,1,4608.38,85.3
2288,339,75,7,2152.09,76.3
2289,176,136,2,3125.46,4.2
2290,698,18,6,5425.48,43.5
2291,1489,122,6,7046.22,55.2
2292,238,27,3,1503.66,80.3
2293,444,132,5,4900.07,50.4
2294,316,2,6,4660.25,19.0
2295,1037,78,2,341.18,45.0
2296,1416,139,5,4156.57,52.1
2297,1243,27,3,4838.88,24.7
2298,1474,30,7,5150.19,12.4
2299,1093,44,1,586.93,31.5
2300,1099,65,4,7479.28,97.3
2301,642,64,7,6685.68,63.0
2302,276,51,5,3583.99,3.9
2303,1023,125,8,3470.19,39.5
2304,448,10,3,2770.53,79.3
2305,297,73,6,5418.39,80.4
2306,1365,137,8,2284.42,43.2
2307,1129,82,4,6767.63,75.2
2308,1328,50,3,6459.01,16.9
2309,562,47,3,5242.19,51.6
2310,145,21,4,6208.86,23.1
2311,117,89,7,5428.25,65.1
2312,610,145,1,7973.61,0.3
2313,1443,107,5,6359.71,39.9
2314,527,142,3,7481.48,81.2
2315,387,9,5,1453.39,90.0
2316,1442,26,6,860.51,41.3
2317,824,92,1,2806.74,67.3
2318,289,61,1,340.46,6.5
2319,1453,51,5,3946.23,50.2
2320,1275,146,3,985.09,51.6
2321,246,19,4,5430.49,74.2
2322,180,79,3,4692.62,24.4
2323,885,86,4,7191.56,99.6
2324,856,77,5,1955.52,92.8
2325,49,140,6,7349.79,12.9
2326,1314,50,2,2168.15,42.3
2327,43,72,3,4892.0,47.8
2328,740,17,4,2120.92,72.4
2329,689,94,1,3221.28,6.6
2330,1395,33,6,2497.35,4.7
2331,158,134,4,6064.66,99.6
2332,131,56,8,6603.05,49.1
2333,935,42,8,6339.69,60.6
2334,840,131,1,406.8,36.1
2335,1022,53,2,6643.56,22.3
2336,654,131,7,416.4,62.6
2337,288,9,6,937.74,98.4
2338,648,65,6,4847.51,76.7
2339,959,20,1,2580.71,42.0
2340,1473,87,6,2304.93,5.5
2341,1216,106,4,7502.06,84.9
2342,1466,35,8,7008.77,53.8
2343,1267,80,2,405.72,78.0
2344,1008,138,8,1085.88,17.4
2345,991,21,1,7546.63,2.3
2346,122,67,7,7683.44,12.6
2347,322,84,7,223.81,11.7
2348,771,109,8,5310.95,22.4
2349,467,132,8,6509.16,67.9
2350,1175,42,2,4798.93,74.1
2351,873,74,5,4266.43,10.5
2352,256,43,4,2187.87,35.7
2353,555,51,8,6553.35,5.7
2354,678,54,3,5492.78,29.6
2355,1305,18,7,5230.29,15.5
2356,824,95,2,313.45,13.8
2357,869,113,4,6982.03,17.7
2358,839,28,4,1681.31,26.6
2359,1094,71,6,5751.84,31.1
2360,1475,95,6,6214.43,87.8
2361,393,35,1,4935.12,81.7
2362,1288,86,4,1916.92,34.8
2363,1042,23,3,321.35,80.6
2364,1437,122,8,6328.06,82.2
2365,627,110,8,6250.98,27.3
2366,1119,112,5,168.8,56.8
2367,1152,91,3,2976.82,36.5
2368,322,93,5,4704.2,14.0
2369,1259,57,5,1665.11,43.5
2370,214,123,3,3803.0,44.0
2371,1394,95,5,6213.43,21.8
2372,1174,92,5,4117.27,53.1
2373,538,87,3,817.36,85.1
2374,355,115,5,2899.32,62.3
2375,219,136,4,7005.25,68.1
2376,1364,34,4,5493.92,90.2
2377,570,100,8,7353.16,27.1
2378,718,2,6,1390.63,37.8
2379,1304,87,3,4301.99,60.3
2380,1005,124,6,4254.52,71.8
2381,936,50,5,2614.93,26.5
2382,706,31,3,1805.99,41.8
2383,515,134,-1,3968.77,75.7
2384,140,93,7,6319.65,97.1
2385,929,57,6,308.13,18.2
2386,467,27,1,2954.68,47.6
2387,328,117,3,7123.8,27.5
2388,121,121,6,5604.1,52.5%
2389,572,89,3,5063.22,8.5
2390,672,133,3,5627.44,57.0
2391,1129,135,8,2950.15,79.0
2392,846,72,1,7099.32,28.3
2393,1435,125,2,471.93,51.3
2394,89,76,6,7600.99,0.5
2395,695,27,8,3357.18,29.1
2396,1357,83,2,410.94,79.3
2397,606,52,1,7262.65,14.6
2398,905,143,5,7379.47,71.5
2399,555,20,7,6932.62,69.6
2400,1033,115,2,7504.2,45.8
2401,571,148,4,4928.09,31.7
2402,530,64,4,5950.23,35.6
2403,1043,115,8,121.67,3.9
2404,452,41,6,7887.43,90.0
2405,149,40,8,6232.88,11.8
2406,753,60,-4,2797.17,66.0
2407,2,86,3,6227.19,38.1
2408,551,19,8,5261.57,4.6
2409,547,114,4,5268.46,12.5
2410,204,72,8,4036.85,4.4
2411,1000,80,4,7943.64,78.4
2412,1439,118,5,751.34,72.8
2413,666,66,7,2926.52,47.8%
2414,562,44,6,1063.32,14.9
2415,355,108,8,5059.36,25.1
2416,1199,135,4,1459.0,63.3
2417,1356,2,3,288.1,46.1
2418,745,69,5,2142.68,78.1
2419,473,148,2,5596.27,39.1
2420,1367,116,2,6568.46,31.0
2421,1152,91,7,5784.66,38.5
2422,657,48,-3,7433.77,85.0
2423,999,37,2,4628.49,53.7
2424,84,107,8,1219.77,0.5
2425,127,98,3,6290.73,23.2
2426,527,64,8,7684.73,20.2
2427,162,28,1,1600.36,56.7
2428,1021,82,2,5381.81,40.0
2429,937,65,6,1312.49,39.3
2430,1332,129,6,1767.86,7.3
2431,507,53,8,2008.13,34.9
2432,1398,100,6,3555.17,25.0
2433,541,109,1,6024.78,99.3
2434,582,36,5,7596.93,59.2
2435,1242,13,7,1023.69,96.6
2436,120,81,0,5274.33,93.1
2437,749,20,3,7645.35,45.4
2438,855,47,1,5874.98,38.3
2439,723,10,3,3457.68,21.7
2440,482,14,3,3127.76,32.3
2441,126,37,8,4802.87,52.7
2442,1230,55,5,7589.72,4.9
2443,287,68,4,6854.25,64.0
2444,1142,45,-5,1697.47,2.4
2445,452,126,4,2008.06,92.9
2446,657,80,7,3242.91,43.8
2447,1189,56,2,1519.82,39.0
2448,202,54,3,5691.64,83.2
2449,1256,85,5,2071.53,5.1
2450,1235,12,3,3837.92,21.5
2451,743,81,4,4844.06,14.8
2452,383,46,8,2373.8,18.1
2453,566,65,1,6865.36,72.2%
2454,857,81,4,3199.14,29.0
2455,339,114,2,6105.16,92.3
2456,914,140,7,1341.96,50.9
2457,90,81,6,4852.52,21.8
2458,975,115,1,1772.48,97.5
2459,57,62,6,3364.18,47.9
2460,1373,106,5,1811.13,18.4
2461,1014,53,5,2740.06,74.9
2462,811,146,6,6559.24,51.5
2463,1312,59,7,2951.35,58.0
2464,181,3,4,1540.47,84.3
2465,755,51,3,2675.93,73.2
2466,439,15,8,3232.34,4.5
2467,250,5,3,4406.47,22.1
2468,757,9,4,2560.04,97.9
2469,944,111,2,7559.11,30.6
2470,1022,104,6,4411.58,53.8
2471,804,97,8,7611.98,43.8
2472,1061,105,5,7441.35,82.0
2473,1297,110,3,7252.83,1.6
2474,293,84,3,3078.33,56.6
2475,1470,43,8,2035.88,94.5
2476,515,111,8,2236.81,17.7
2477,99,97,7,891.03,95.6
2478,1262,44,7,3150.3,73.9
2479,1332,93,5,7881.34,88.9
2480,1150,139,2,5687.48,41.7
2481,549,121,4,901.82,24.8
2482,508,142,7,5198.67,79.0
2483,752,47,1,1346.24,93.0
2484,809,56,-1,4681.53,36.4
2485,1219,110,0,4471.17,8.0
2486,1359,117,8,1545.17,34.8
2487,1192,21,8,4644.83,68.9
2488,1085,62,8,7679.93,21.3
2489,1473,127,5,4131.47,77.8
2490,274,124,5,3775.05,62.6
2491,1473,134,3,362.11,25.5
2492,420,43,1,5844.01,28.3
2493,156,140,2,297.56,86.1
2494,88,42,4,2867.4,71.1
2495,441,43,2,3791.85,34.6
2496,960,138,7,6019.47,8.3
2497,347,111,7,155.77,32.0
2498,693,54,8,1451.82,61.5
2499,1362,88,1,2952.01,19.7
2500,1003,115,1,120.77,25.9
2501,1488,59,1,2078.98,45.2
2502,1471,2,1,5313.05,83.1
2503,1124,48,2,1419.28,64.1
2504,396,66,1,7271.42,13.0
2505,367,78,1,3128.48,3.1
2506,160,23,1,5427.82,63.8
2507,1139,104,8,4372.08,93.9
2508,1238,7,4,7164.45,78.5
2509,255,26,5,733.97,24.6
2510,1197,87,5,3314.31,79.6
2511,628,85,3,329.0,48.4
2512,1137,2,2,7586.28,75.8
2513,661,49,5,1917.02,45.2
2514,972,61,3,5125.28,64.4
2515,1288,87,6,7829.91,95.7
2516,1031,103,8,1390.93,90.1
2517,932,64,7,4275.22,76.6
2518,1133,107,4,6388.91,34.7
2519,639,1,8,1328.62,24.9
2520,1416,35,7,924.45,42.4
2521,822,44,2,2117.87,68.9
2522,241,79,7,2979.05,3.2
2523,601,146,4,1263.66,7.7
2524,1281,77,6,6145.94,8.1
2525,1006,45,7,2999.99,16.1
2526,419,83,5,4734.42,87.8
2527,492,1,4,4273.67,49.6
2528,570,123,1,2162.62,98.2
2529,403,20,3,484.86,95.8
2530,1311,99,1,2082.85,98.0
2531,862,106,3,7903.51,63.6
2532,1244,27,7,6491.12,59.5
2533,19,109,3,4199.09,49.1
2534,285,49,2,759.84,58.1
2535,1272,139,0,2109.12,5.3
2536,801,21,7,4140.36,22.7
2537,1266,116,5,2433.32,37.2
2538,29,122,5,5213.92,28.6
2539,755,44,4,5673.9,53.3
2540,1004,129,6,4837.02,45.7
2541,428,100,3,2583.69,47.8
2542,1378,138,8,5787.14,10.0
2543,889,7,2,6556.73,23.0
2544,1265,108,3,5098.12,61.9
2545,352,23,4,7266.89,39.3
2546,213,135,1,3176.42,66.3
2547,1297,60,1,2291.64,58.2
2548,1210,85,6,1344.07,27.6
2549,458,125,1,3397.11,68.2
2550,678,142,5,5841.3,72.7
2551,324,123,5,6781.05,5.1
2552,814,128,3,6110.2,99.2
2553,696,69,5,7491.0,61.7
2554,294,107,1,2171.6,9.0
2555,1246,124,6,6713.54,54.3
2556,45,70,7,4958.71,41.7
2557,1227,128,1,3243.19,24.6
2558,1350,56,8,1518.51,38.2
2559,503,52,1,4942.47,48.1
2560,881,14,4,2405.82,8.7
2561,325,18,3,7352.44,8.7
2562,950,117,1,3935.63,97.6
2563,120,54,4,7637.65,37.7
2564,1479,29,5,4945.71,80.6
2565,1267,35,2,5031.67,57.4
2566,1342,134,4,7574.95,8.2
2567,866,4,6,3769.63,14.3
2568,978,112,7,2626.63,99.9
2569,1354,35,3,7830.78,95.9
2570,671,123,8,4673.3,24.9
2571,930,119,3,1345.7,74.1
2572,1372,81,2,4342.4,53.1
2573,1435,95,5,752.15,67.9
2574,488,95,5,5288.81,29.3
2575,1078,97,1,3026.17,30.3
2576,1227,89,8,4000.31,0.9
2577,868,126,1,3068.43,93.9
2578,1416,80,3,7239.21,74.3
2579,1379,64,2,356.37,63.5
2580,180,99,2,2454.77,74.7
2581,1366,52,5,1502.15,34.5
2582,107,109,3,3970.1,89.9
2583,1388,107,7,2845.46,74.3
2584,490,100,2,7887.53,89.1
2585,147,57,5,4592.53,37.0
2586,765,102,4,1584.25,13.2
2587,639,143,7,7595.48,64.1
2588,406,22,7,4252.2,57.1
2589,376,47,7,1380.09,62.7
2590,831,81,6,3433.45,13.3
2591,500,120,1,7786.91,75.3
2592,25,106,1,2832.6,81.2
2593,341,134,4,5165.27,35.3
2594,327,121,0,2453.95,0.8
2595,781,53,-4,2537.45,52.4
2596,310,4,6,6317.67,83.9
2597,1036,106,4,5525.19,42.9
2598,1344,42,3,1678.98,64.9
2599,804,78,2,337.16,93.9
2600,21,50,8,2045.48,41.4
2601,461,126,4,489.06,17.3
2602,703,33,6,1663.69,74.2
2603,1499,64,8,3667.86,9.8
2604,676,39,1,4488.05,45.6
2605,1035,61,5,6384.32,60.4
2606,1177,23,3,683.31,12.1
2607,342,35,4,6871.24,44.0
2608,269,145,7,2689.54,26.9
2609,656,118,5,6251.7,19.0
2610,895,88,8,6921.19,7.7
2611,1218,89,-6,7064.57,3.4
2612,747,106,7,1219.01,20.8
2613,785,28,4,1024.48,78.0
2614,1370,36,6,5673.24,49.3
2615,324,3,1,7418.69,71.2
2616,605,65,7,7830.16,44.3
2617,712,104,4,3422.17,0.1
2618,801,116,6,6909.68,19.4
2619,872,141,4,2084.93,59.7
2620,120,42,8,5322.54,75.5
2621,558,127,6,7744.14,80.1
2622,647,120,1,4173.88,30.6
2623,1038,82,1,4681.27,5.6
2624,1173,60,5,5701.84,63.1
2625,1073,57,1,1764.28,57.4
2626,1454,45,3,2866.21,12.6
2627,30,148,6,7735.15,58.3
2628,1208,10,5,598.12,18.1
2629,882,10,4,4506.79,71.0
2630,635,5,7,4236.35,93.8
2631,399,6,4,3816.04,21.8
2632,917,3,2,1372.53,75.6
2633,164,142,3,4127.42,87.7
2634,920,104,6,6950.26,7.8
2635,69,59,8,7901.55,78.2
2636,1279,48,1,7862.27,44.4
2637,1318,44,4,3399.4,37.8
2638,830,73,5,7437.64,37.8
2639,364,91,7,2971.56,69.4
2640,662,36,8,2447.65,81.1
2641,211,29,7,4630.22,4.9
2642,588,108,6,2072.28,23.2
2643,1247,140,8,576.25,41.4%
2644,994,82,4,634.92,58.3
2645,424,139,7,2463.64,74.6
2646,649,87,3,7097.32,13.8
2647,341,69,8,5139.95,40.2
2648,1048,97,3,5354.23,74.7
2649,51,54,8,3401.94,80.5
2650,1169,49,6,4526.1,44.4
2651,1438,58,2,5818.84,95.1
2652,1188,65,3,6949.62,76.4
2653,1086,62,2,2799.64,27.8
2654,1035,39,0,7135.27,34.7
2655,1120,98,7,2491.84,61.2
2656,751,16,6,6366.33,58.4
2657,792,13,7,7267.06,31.4
2658,593,102,3,6823.2,54.4
2659,794,11,8,3204.16,7.8
2660,830,80,2,7742.83,15.2
2661,491,66,1,6284.83,66.7
2662,482,97,4,1907.03,9.5
2663,6,137,7,1235.05,27.4
2664,214,1,6,6842.94,37.8
2665,124,47,5,3122.93,98.2
2666,1047,28,7,4769.99,63.7
2667,1115,74,7,2566.88,7.3
2668,364,71,6,1844.71,82.8
2669,157,18,3,4620.66,34.7
2670,709,8,1,4970.7,37.5
2671,166,66,7,4373.02,23.4
2672,1424,43,8,2118.19,81.0
2673,148,92,5,1337.25,82.1
2674,8,31,3,7995.32,35.4
2675,1460,35,3,2739.9,4.5
2676,346,94,5,1930.3,60.1
2677,1036,73,1,2079.76,39.7
2678,527,54,5,7595.58,96.9
2679,842,66,5,6084.37,73.7
2680,682,15,2,2041.76,12.8
2681,257,55,5,4015.06,10.6
2682,1164,28,8,4952.88,48.3
2683,1082,130,2,2086.25,71.4
2684,1227,97,5,2703.48,93.3
2685,963,68,0,1167.29,39.4
2686,729,34,2,4391.53,19.3
2687,1452,85,-5,2051.83,36.5
2688,445,26,8,5550.53,43.1
2689,693,63,7,649.03,31.5
2690,429,92,8,4917.53,87.9
2691,386,47,4,5615.68,84.9
2692,1475,78,8,6934.1,9.3
2693,1206,11,8,3966.61,67.2
2694,924,60,7,2549.24,82.3
2695,823,139,7,5340.26,77.3
2696,643,110,2,5991.96,29.3
2697,1037,117,5,6858.35,91.2
2698,371,60,8,3452.31,92.3
2699,1463,108,7,1037.85,26.4
2700,1134,37,8,1248.56,32.8
2701,529,148,2,4541.48,64.1
2702,686,95,2,5141.59,29.2
2703,658,95,4,5678.64,27.8
2704,196,70,7,6590.49,43.5
2705,252,14,-5,5900.46,3.6
2706,331,46,7,3611.81,99.2
2707,1180,39,6,3682.27,20.6
2708,659,71,6,7365.63,48.0
2709,1489,63,8,7220.55,46.1
2710,1327,106,8,6732.11,32.3
2711,1301,28,1,4014.97,12.0%
2712,121,12,8,258.16,6.1
2713,2,113,5,3331.17,39.7
2714,668,3,2,4647.66,70.7
2715,1409,76,7,1509.74,69.6
2716,898,9,4,3947.94,71.9
2717,1046,80,3,7610.96,39.6
2718,1050,41,7,2750.16,5.4
2719,68,48,1,269.4,69.4
2720,317,15,7,333.14,62.4
2721,569,41,7,7764.11,28.6
2722,890,19,2,4565.05,22.1
2723,928,58,8,4476.76,6.8
2724,608,92,3,6471.0,85.7
2725,749,128,6,970.69,11.9
2726,547,75,1,5020.87,37.3
2727,889,45,2,7434.25,58.7
2728,686,89,6,7006.62,24.7
2729,1199,52,2,6114.78,58.7
2730,515,86,8,2743.15,6.7
2731,183,102,1,3990.85,68.8
2732,290,33,5,1274.71,70.0
2733,1082,28,5,409.1,67.7
2734,1349,65,3,4961.85,53.5
2735,245,35,4,2486.12,66.6
2736,1055,139,7,7415.03,25.0
2737,1459,7,1,7915.09,4.2
2738,1455,57,6,5954.49,69.5
2739,217,61,6,6606.45,43.2
2740,596,111,2,4590.33,41.8
2741,1073,49,8,1239.07,11.5
2742,1198,83,7,6564.15,26.7
2743,887,95,2,6909.64,14.9
2744,1050,25,7,5751.93,87.2
2745,812,75,-4,5026.61,84.9
2746,390,34,2,4274.07,14.4
2747,1002,99,3,7969.79,99.3
2748,744,126,5,880.02,21.8
2749,640,10,5,4081.48,1.3
2750,1157,140,4,7411.52,84.0
2751,1225,107,2,4934.11,37.3
2752,698,60,3,1389.54,24.0
2753,964,144,5,5942.29,70.4
2754,931,128,1,7433.67,85.0
2755,1353,147,2,1126.56,29.6
2756,1427,64,5,2981.56,21.4
2757,875,120,2,7603.27,73.6
2758,106,25,1,3942.18,74.5
2759,356,101,2,112.14,23.0
2760,386,73,1,3631.03,71.2
2761,1009,123,3,1885.22,61.6
2762,1068,135,8,2092.81,44.6
2763,389,136,6,7412.01,52.6
2764,33,74,4,6150.31,48.9
2765,1217,80,8,5566.36,58.8
2766,1078,88,8,3128.22,70.2
2767,1460,122,4,1286.69,97.3
2768,1059,112,5,5194.27,52.5
2769,1306,84,4,719.59,22.5
2770,1291,14,3,5727.5,33.5
2771,1195,98,2,4005.2,57.1
2772,1135,40,6,7554.88,87.8
2773,836,107,-3,5193.96,2.3
2774,88,145,1,2642.31,32.3
2775,544,91,7,6297.57,99.1%
2776,1476,81,8,5305.77,48.4
2777,708,30,7,1115.22,29.7
2778,482,84,8,5969.24,6.4
2779,267,100,4,5436.55,68.0
2780,1228,24,6,479.9,66.6
2781,846,22,-5,692.6,89.5
2782,1370,70,1,3215.19,88.7
2783,472,95,8,7341.24,9.0
2784,793,147,7,2035.34,99.0
2785,1494,3,6,2674.81,44.5
2786,610,119,8,5994.33,66.1
2787,1249,53,7,6018.4,96.5
2788,1430,77,7,6190.39,39.5
2789,822,56,5,402.17,31.8
2790,159,100,1,3181.54,71.1
2791,616,129,5,6974.0,96.5
2792,976,64,2,2975.17,86.4
2793,1115,101,7,7383.12,88.7
2794,183,47,8,2743.65,29.8
2795,20,13,7,859.18,29.2
2796,965,68,3,5593.77,10.5
2797,172,35,-7,3533.01,54.5
2798,175,122,2,5040.69,37.4
2799,266,140,7,2754.37,60.0
2800,303,141,6,6970.05,89.8
2801,213,96,3,1960.75,95.1
2802,1022,69,4,5226.45,30.0
2803,252,141,7,367.25,68.4
2804,719,7,6,4416.01,93.5
2805,862,125,6,2628.48,145.3
2806,1123,110,8,4046.43,7.9
2807,910,114,7,5108.6,38.9
2808,1419,111,5,1908.08,95.3
2809,1309,128,3,686.69,0.1
2810,8,65,4,2652.75,16.5
2811,553,91,8,5032.08,86.4
2812,236,143,8,3336.55,1.6
2813,1083,135,2,7818.17,23.2
2814,928,30,6,4097.12,59.6
2815,800,17,4,4328.24,95.9
2816,1312,41,7,1530.61,47.9
2817,1272,21,2,4170.19,44.4
2818,1218,11,8,6976.74,53.8
2819,1128,94,1,197.13,28.7
2820,1347,121,5,630.54,22.4
2821,689,61,2,1950.91,93.8
2822,1199,139,4,7026.58,36.8
2823,1076,126,1,1335.8,18.6
2824,390,120,8,3818.45,65.2
2825,896,99,7,3804.02,21.9
2826,114,75,-7,4598.12,49.9
2827,1494,7,5,3605.15,14.0
2828,1059,41,-2,1927.45,18.2
2829,139,118,6,2727.27,30.4
2830,1306,81,8,6737.31,95.7
2831,623,2,2,6785.99,55.3
2832,978,37,8,1683.8,110.6
2833,169,49,7,7569.9,3.3
2834,1133,116,1,1535.21,77.9
2835,1141,40,1,6933.92,52.1
2836,873,50,2,4630.69,31.0
2837,871,133,1,4292.49,3.3
2838,985,96,2,4332.27,42.6
2839,653,114,6,2023.76,91.4
2840,1092,129,8,7820.04,29.4
2841,598,93,-2,2629.24,32.5
2842,122,120,8,268.11,28.8
2843,177,88,5,3093.9,52.3
2844,730,12,6,805.73,64.8
2845,1283,123,1,2752.15,30.1
2846,1278,62,1,5021.47,3.7
2847,462,101,6,5598.49,89.6
2848,200,125,4,3949.18,87.1
2849,534,70,1,2860.88,78.2
2850,1455,141,7,4899.0,77.0
2851,1295,43,1,7227.37,55.0
2852,918,54,6,4645.29,10.9
2853,1149,27,2,4760.89,96.9
2854,748,14,4,5050.98,29.4
2855,716,57,2,7427.09,38.5
2856,1197,91,7,4788.68,45.2
2857,1327,130,8,7540.36,48.8
2858,76,72,8,5251.03,9.0
2859,682,10,3,751.64,83.4
2860,1297,37,5,1564.31,26.1
2861,235,57,7,7889.59,25.7
2862,394,114,8,4097.25,82.8
2863,1444,125,4,5913.95,31.2
2864,1421,32,5,3548.81,84.5
2865,882,40,4,2671.85,34.1
2866,721,70,2,1070.76,68.8
2867,1031,16,3,6204.58,86.6
2868,421,79,5,1458.19,1.3
2869,833,121,1,4984.6,48.9
2870,890,86,3,7039.38,12.5
2871,1196,39,2,6122.3,53.7
2872,1491,104,5,6320.19,20.1
2873,866,113,7,4867.95,87.7
2874,991,116,4,697.57,12.3
2875,654,25,1,7329.6,55.5
2876,245,57,1,4370.35,1.1
2877,194,93,6,2893.53,77.5
2878,26,129,8,6896.02,58.0
2879,1338,45,7,3102.44,6.0
2880,1308,141,3,4462.34,60.5
2881,852,33,3,7697.17,9.9
2882,1335,5,2,711.35,86.6
2883,866,136,7,4235.28,3.7
2884,1380,42,7,7846.9,21.4
2885,575,51,2,1885.68,98.6
2886,1362,101,1,7159.92,15.5
2887,669,115,3,157.45,17.7
2888,425,45,3,1904.46,11.7
2889,1385,64,3,1479.77,77.1
2890,1230,69,5,2403.96,64.1
2891,878,56,8,6530.53,83.1
2892,1328,5,7,4233.6,47.8
2893,952,9,5,2027.67,49.3
2894,1204,129,1,6337.4,9.5
2895,237,13,1,968.93,75.7
2896,15,112,2,7104.58,67.7
2897,268,99,3,3127.41,68.7
2898,216,2,7,1024.07,9.4
2899,95,86,2,1056.5,79.4
2900,682,106,2,2959.63,55.4%
2901,967,111,8,2929.08,80.3
2902,1080,97,4,1994.48,94.5
2903,396,94,8,3372.28,74.2
2904,310,33,8,5347.91,58.0
2905,807,32,8,4983.28,83.6
2906,237,103,6,4228.85,70.3
2907,238,41,4,2606.26,95.7
2908,1378,53,5,7952.61,88.7
2909,1398,105,8,7176.04,88.5
2910,394,66,7,7557.06,65.5
2911,793,27,1,6380.87,93.3
2912,1070,23,4,917.88,12.6
2913,26,8,8,7722.0,47.0
2914,817,15,2,6831.48,93.0
2915,1411,45,8,6829.22,7.5
2916,598,102,5,6754.83,83.6
2917,602,33,7,4272.54,12.7
2918,713,26,2,4138.59,40.0
2919,588,109,6,7362.86,42.3
2920,20,111,5,1945.6,94.7
2921,1338,27,1,2375.14,9.6
2922,1017,140,4,3459.81,88.5
2923,1142,135,1,4655.16,68.5
2924,628,128,4,5594.45,32.3
2925,1235,123,4,3031.84,65.4
2926,1439,124,1,6196.94,15.6
2927,671,102,6,6381.79,21.4
2928,726,9,8,4999.21,16.9
2929,102,102,6,4067.3,53.1
2930,1223,89,4,5117.34,17.2
2931,1000,132,5,5817.03,89.9
2932,252,39,1,5912.09,65.6
2933,495,21,2,4861.14,87.8
2934,705,110,3,1182.33,0.2
2935,1018,127,2,5624.5,95.8
2936,1385,80,4,3985.99,70.0
2937,1041,117,-3,374.02,59.4
2938,1359,85,2,1233.44,5.0
2939,1401,141,4,6473.21,0.2
2940,943,95,8,5678.45,22.4
2941,1194,39,6,5801.12,10.0
2942,974,85,2,5311.67,63.7
2943,591,27,4,450.38,86.8
2944,511,135,3,1096.21,22.8
2945,1198,27,6,3848.64,94.1
2946,348,32,4,7802.07,56.2
2947,14,54,4,6544.49,74.1
2948,1116,144,8,1931.89,92.5
2949,253,25,4,5139.8,98.5
2950,632,8,4,5402.03,57.5
2951,1040,133,8,220.52,32.1
2952,367,145,3,4458.98,10.1
2953,1134,43,4,6467.18,13.6
2954,481,56,6,1831.54,7.0
2955,823,55,1,3346.63,68.1
2956,1209,86,4,7896.64,71.9
2957,472,125,6,2034.73,20.6
2958,849,25,8,166.53,94.8
2959,198,101,3,2365.69,92.0
2960,302,93,3,5572.9,12.7
2961,449,99,6,2694.95,13.4
2962,1273,89,8,291.41,45.0
2963,1101,26,8,4882.18,84.7
2964,1428,138,7,7479.32,26.3
2965,1303,93,2,2425.95,18.5
2966,1156,45,2,7393.6,66.6
2967,50,19,1,4037.47,31.6
2968,1291,123,4,719.66,87.3
2969,101,4,1,6289.08,27.2
2970,1083,55,1,2413.82,41.2
2971,1190,37,5,3581.69,17.0
2972,1234,85,5,3603.52,6.1
2973,1348,96,2,1448.04,89.2
2974,900,19,1,4572.54,60.2
2975,1355,100,8,5501.73,48.1
2976,1435,64,4,902.03,4.0
2977,600,72,2,557.49,36.2
2978,632,22,7,6112.53,64.4
2979,261,70,4,631.75,8.8
2980,1177,24,5,4806.0,71.0
2981,1353,80,5,4289.15,92.1%
2982,1320,75,7,4400.88,89.7
2983,857,66,8,3865.07,24.4
2984,1102,117,8,457.76,24.8
2985,820,15,2,4616.03,30.7
2986,1329,54,2,7163.61,16.4
2987,917,82,2,4020.12,92.8
2988,1375,107,-2,5255.55,73.4
2989,557,9,8,2292.03,44.5
2990,38,22,6,3797.76,92.5
2991,1103,83,6,4979.85,3.6
2992,1126,69,8,3176.6,63.0
2993,432,62,6,5385.92,47.3
2994,442,3,6,125.47,90.5
2995,1172,84,8,3814.18,52.8
2996,874,104,8,4690.44,27.3
2997,1396,79,1,6506.56,54.0
2998,95,15,5,6185.16,96.2
2999,1077,66,8,910.62,35.5
3000,1394,110,3,7950.63,56.4
3001,1242,19,-6,3818.82,17.4
3002,44,135,6,589.63,62.5
3003,984,77,2,6021.29,82.5
3004,1131,1,4,4636.32,71.6
3005,1173,77,2,5145.8,90.8
3006,194,68,7,638.55,10.7
3007,1153,16,7,857.52,8.2
3008,595,49,6,3514.55,43.3
3009,615,99,4,6908.05,74.6
3010,1498,46,4,2521.28,55.0
3011,733,12,8,6363.83,99.5
3012,1384,131,6,3603.76,60.6
3013,466,131,4,7637.94,71.9
3014,527,128,5,1454.59,52.7
3015,773,98,7,2427.06,44.3
3016,38,74,6,892.62,31.7
3017,574,64,1,162.82,80.6
3018,455,92,4,1522.26,36.4
3019,663,131,-6,3023.25,90.3
3020,1483,17,5,1879.46,87.5
3021,478,2,8,7251.0,45.1
3022,1220,124,3,5631.57,99.8
3023,158,142,1,144.97,66.1
3024,1074,98,3,5835.2,89.6
3025,555,64,6,3468.21,40.3
3026,67,78,6,2286.3,47.1
3027,1285,105,6,5996.24,92.3
3028,1013,125,1,3309.25,78.0
3029,717,3,7,2127.68,50.2
3030,1418,129,5,6932.82,75.7
3031,1022,128,7,6104.64,33.8
3032,155,146,2,4508.79,78.9
3033,782,84,8,2897.56,49.0
3034,534,38,1,822.13,29.9
3035,254,59,7,4287.27,6.1
3036,910,12,8,7837.65,88.2
3037,12,114,5,5832.39,66.5
3038,738,148,7,5261.71,4.4
3039,98,81,8,4808.15,65.1
3040,937,90,5,759.97,3.8
3041,582,95,2,147.14,89.9
3042,269,24,6,5038.54,92.1
3043,1301,106,3,6101.81,29.9
3044,950,72,3,7621.23,74.5
3045,587,120,1,907.84,68.7
3046,830,34,7,7912.81,53.9
3047,1348,10,1,5969.61,86.0
3048,464,96,2,1430.38,4.7
3049,893,106,6,5019.71,31.8
3050,791,14,3,6461.06,34.7
3051,304,46,3,6907.63,51.3
3052,1255,113,6,6460.07,99.4
3053,410,74,8,7257.48,86.2
3054,494,145,2,5153.8,43.7
3055,849,1,4,2285.56,6.2
3056,583,73,8,4565.34,84.9
3057,963,4,8,5120.07,94.7
3058,9,13,3,286.45,84.9
3059,1006,85,6,7187.13,11.8
3060,328,131,5,4112.75,0.0
3061,1099,93,3,3610.86,34.4
3062,897,142,2,543.08,18.9
3063,1417,31,8,2829.66,72.0
3064,7,127,5,6014.39,82.2
3065,436,56,5,2271.3,97.7
3066,918,58,3,1248.65,77.4
3067,769,14,8,4582.07,15.1
3068,978,53,6,458.4,8.1
3069,1185,74,5,2572.21,98.8
3070,646,72,4,3477.42,67.8
3071,602,98,6,1026.99,3.2
3072,468,62,4,951.53,44.8
3073,1294,62,1,1329.67,82.5
3074,34,67,2,6171.28,32.4
3075,958,11,-1,6220.78,54.6
3076,874,52,8,5931.95,46.4
3077,302,52,7,7770.69,48.6
3078,951,128,4,3737.11,9.3
3079,1353,106,1,884.28,69.2
3080,1176,100,4,7883.05,17.4
3081,327,125,-1,7199.91,85.4
3082,865,140,1,3018.93,54.4
3083,1239,114,2,1338.58,28.5
3084,709,67,1,592.08,21.2
3085,1094,64,5,4452.74,4.5
3086,793,16,4,2614.72,37.7
3087,610,15,3,7967.02,68.8
3088,1485,143,6,4665.89,63.5
3089,494,113,1,4239.9,92.2
3090,656,125,2,7008.49,52.8
3091,979,87,2,1682.26,7.8
3092,1018,140,7,4794.18,27.6
3093,1082,80,3,408.26,64.9
3094,906,115,1,2266.51,91.5
3095,703,33,5,1023.07,61.4
3096,1250,46,6,2475.52,26.3
3097,203,81,1,7863.14,42.0
3098,448,61,5,3562.51,92.4
3099,518,109,3,5364.63,60.6
3100,1314,142,7,3502.76,8.7
3101,841,38,1,3975.84,92.6
3102,585,100,8,5215.46,3.1
3103,1224,28,1,2349.47,78.3%
3104,80,14,7,4783.74,32.3
3105,1333,41,2,2223.25,40.0
3106,938,51,1,6588.62,13.1
3107,1167,28,1,1346.98,41.2
3108,1014,24,1,4304.49,66.8
3109,939,108,4,5150.71,35.8
3110,1405,92,5,5206.24,76.3
3111,843,4,1,2347.14,88.9
3112,1477,128,3,7030.01,19.2
3113,1483,18,6,4531.43,92.3
3114,102,26,6,6335.97,52.9
3115,1014,118,7,1924.84,91.0
3116,1391,117,5,1895.38,77.6
3117,968,117,7,5576.5,73.1
3118,1045,55,3,3207.42,27.4
3119,1222,147,5,3339.57,62.8
3120,532,34,8,1472.56,50.8
3121,369,73,2,2908.42,34.9
3122,535,59,-2,3809.62,57.3
3123,419,68,5,3093.35,96.1
3124,466,62,5,5565.04,51.4
3125,668,6,6,2649.16,45.0
3126,374,101,8,6678.7,15.6
3127,1035,95,5,5314.06,7.9
3128,760,6,4,3700.26,48.8
3129,415,34,7,1816.77,44.4
3130,986,132,7,7666.48,49.6
3131,1207,112,4,4040.19,66.4
3132,1201,140,4,6505.01,30.1
3133,301,5,4,3673.76,71.8
3134,915,140,2,926.81,60.3
3135,1176,59,8,2718.79,22.4
3136,867,25,2,2460.2,49.5
3137,1083,109,8,1225.73,80.3
3138,951,15,5,2918.53,81.6
3139,864,50,1,7544.15,22.7
3140,350,143,0,7212.68,88.7
3141,789,48,8,5500.95,70.9
3142,1369,67,3,4927.07,31.7
3143,1334,77,4,5285.0,44.4
3144,1390,148,5,6285.69,11.5
3145,289,127,7,1699.81,27.8
3146,12,114,8,2902.51,85.4
3147,393,23,1,4378.93,35.0
3148,880,20,7,3867.21,57.9
3149,554,61,7,5521.75,79.6
3150,623,119,5,107.97,18.5
3151,286,81,6,6181.06,92.8
3152,1488,39,8,6139.66,33.8
3153,994,6,4,2446.02,87.2
3154,26,83,7,7611.11,33.4
3155,856,39,4,1402.83,59.6
3156,104,111,4,5229.82,11.1
3157,243,31,7,1840.0,84.7
3158,1179,73,8,6853.45,46.9
3159,142,39,7,5013.23,67.3
3160,961,116,3,1830.0,51.3
3161,363,115,3,2850.9,40.3
3162,133,84,5,5598.6,1.2
3163,443,99,5,7905.12,1.6
3164,136,71,8,794.01,83.5
3165,244,62,1,1541.84,29.4
3166,1354,28,8,541.9,27.9
3167,1252,17,6,1962.9,98.3
3168,902,13,6,5702.39,38.1
3169,202,58,5,4827.56,6.0
3170,1405,42,5,4560.6,9.3
3171,1312,109,7,529.34,62.4
3172,197,27,2,2535.58,8.1
3173,103,143,8,6698.55,27.8
3174,1327,123,1,7831.4,55.4
3175,121,51,8,5647.62,70.2
3176,365,39,2,4207.41,41.4
3177,710,130,5,3799.15,26.4
3178,476,55,4,4832.76,3.8
3179,1089,84,5,7868.15,44.3
3180,407,72,5,4098.62,23.5
3181,978,104,5,2004.23,63.4
3182,755,64,5,3028.2,97.4
3183,655,43,3,2956.77,50.4
3184,1166,90,6,1840.88,27.9
3185,766,5,8,2674.58,43.7
3186,1062,44,1,5557.19,77.1
3187,369,148,5,4374.33,51.9
3188,1038,119,4,284.05,42.8
3189,416,22,4,3000.8,53.8
3190,51,56,7,258.69,8.4
3191,1430,140,5,7007.85,93.7
3192,64,86,7,1967.32,44.0%
3193,457,100,4,4708.26,73.9
3194,591,86,6,6775.8,75.9
3195,421,72,2,3129.25,93.9
3196,1061,15,7,6419.86,13.2
3197,415,68,8,7546.93,4.4
3198,781,38,6,5298.38,52.9
3199,503,108,-7,3929.47,37.3
3200,1284,9,4,4828.12,65.1
3201,4,141,7,1792.63,16.8
3202,419,103,7,824.92,89.6
3203,535,70,1,4139.58,50.8
3204,1013,127,4,6258.61,84.0
3205,1033,15,7,7627.03,77.6
3206,675,97,5,5617.59,4.7
3207,572,119,5,4493.5,96.1
3208,1417,113,3,5570.78,22.8
3209,35,79,5,1136.05,21.3
3210,651,43,3,4002.05,31.5
3211,184,142,1,2167.53,38.1
3212,1350,47,-2,865.22,4.3
3213,920,9,6,5134.14,15.6
3214,568,100,-3,7109.98,88.8%
3215,75,73,7,6546.09,3.6
3216,719,59,6,7651.8,0.7
3217,74,80,4,985.08,40.2
3218,693,26,5,2029.6,87.8
3219,307,76,4,4774.29,44.3
3220,485,145,1,6755.57,33.8
3221,1240,26,1,5321.39,51.7
3222,1000,93,6,192.14,79.5
3223,37,58,1,4204.17,64.8
3224,595,100,5,3024.33,84.2
3225,5,25,5,4065.84,76.3
3226,230,125,7,4226.18,93.1
3227,946,122,6,1047.88,98.3
3228,1056,73,6,843.74,39.1
3229,1309,128,4,2831.64,53.8
3230,466,99,-3,2131.02,97.0
3231,961,30,6,6041.44,8.8
3232,105,13,8,608.97,29.7
3233,870,66,3,7842.5,71.9
3234,51,145,3,4788.67,20.3
3235,406,108,3,4219.98,26.4
3236,415,21,1,568.06,42.8
3237,142,126,4,3427.97,99.4
3238,550,142,6,3168.11,97.7
3239,212,7,3,4947.16,21.1
3240,784,73,3,5321.58,35.4
3241,348,85,7,7545.24,48.0
3242,508,147,1,557.95,68.1
3243,1067,89,3,7056.98,57.9%
3244,505,48,6,1983.5,67.6
3245,73,90,7,4340.11,96.5
3246,887,126,3,4877.37,100.0
3247,215,111,4,4376.01,81.2
3248,36,85,8,1224.33,68.9
3249,628,90,1,4671.25,3.5
3250,889,121,-5,7555.23,99.4
3251,1015,109,4,1019.93,69.2
3252,448,43,6,1391.64,37.7
3253,83,84,5,438.83,67.6
3254,392,6,7,6465.47,10.9
3255,1121,22,8,1922.34,94.9
3256,549,48,7,5795.72,8.7
3257,155,135,4,2077.79,66.2
3258,293,106,5,2821.22,67.4
3259,945,138,2,2366.91,38.2
3260,856,79,8,5890.59,31.2
3261,829,104,8,607.27,9.8
3262,399,12,4,208.97,86.8
3263,21,133,2,3843.99,73.6
3264,266,73,1,2190.36,6.9
3265,1419,97,5,1558.21,52.7
3266,400,24,1,3714.34,76.4
3267,696,2,2,6128.6,58.9%
3268,587,126,-4,4244.79,73.8
3269,479,122,7,3870.49,56.1
3270,426,53,3,3950.32,69.6
3271,106,62,3,2067.66,93.3
3272,635,4,4,5835.18,75.9
3273,1204,23,8,5517.1,53.1
3274,1107,85,7,4295.58,66.9
3275,1324,133,4,6239.04,89.3
3276,305,63,2,2074.43,31.7
3277,1377,41,3,2474.05,51.2
3278,77,22,4,3171.54,55.3
3279,325,10,5,1288.28,115.4
3280,1116,143,4,4433.14,30.8
3281,1441,107,7,1848.79,80.1
3282,101,110,4,2721.42,6.6
3283,829,63,6,5614.5,59.4
3284,702,124,4,3035.08,78.1
3285,479,106,8,4244.19,56.3
3286,1159,43,2,6456.86,91.2
3287,799,128,4,3080.9,28.2
3288,147,102,1,6514.9,17.3
3289,1041,8,2,3561.45,41.1%
3290,1498,97,5,5038.58,43.7%
3291,7,127,6,4239.67,77.7
3292,752,81,4,732.61,12.8
3293,618,134,5,621.08,94.0
3294,7,88,7,662.81,1.1
3295,582,30,7,7926.78,47.9
3296,1381,18,1,326.59,43.2
3297,772,119,6,3089.88,2.1
3298,925,85,2,1918.13,69.0
3299,370,107,8,2176.57,78.5
3300,892,81,1,4246.64,15.7
3301,656,133,7,5663.21,85.5
3302,684,27,1,255.24,41.9
3303,324,54,3,7271.81,88.0
3304,563,83,1,2425.02,94.4
3305,1141,125,6,4812.88,92.0
3306,906,19,3,5161.02,94.1
3307,997,93,6,2350.06,23.6
3308,864,121,4,1147.54,87.0
3309,1373,7,6,7856.26,80.9
3310,773,81,3,5533.22,90.2
3311,874,130,8,1056.55,67.5
3312,609,32,7,6151.48,51.8
3313,534,120,4,5826.19,62.3
3314,131,16,5,1187.89,30.0
3315,1257,63,6,1388.56,47.5
3316,468,81,2,157.6,44.9
3317,1014,123,7,5544.98,67.6
3318,1231,45,-8,2930.01,10.6
3319,1386,101,6,6716.44,93.0
3320,1099,136,4,6243.88,6.7
3321,22,51,7,6384.69,76.6
3322,825,102,3,2494.07,81.9
3323,509,66,6,3943.44,3.0
3324,157,46,6,5256.77,38.0
3325,39,91,4,1391.81,0.9
3326,79,21,4,2381.8,35.5
3327,252,81,3,6306.51,31.6
3328,1335,45,8,5592.01,14.5
3329,674,112,8,7643.31,57.1
3330,849,45,5,4456.15,25.6
3331,998,63,6,616.1,21.4
3332,742,73,3,1210.37,25.6
3333,843,117,7,5306.81,6.2
3334,1445,131,3,509.22,87.3
3335,369,88,2,6636.1,98.2
3336,1047,22,7,5379.98,42.3
3337,527,12,4,2341.43,71.2
3338,284,67,8,4073.63,73.5
3339,1264,6,1,2590.62,26.9
3340,673,62,7,6279.84,34.9
3341,262,141,1,2255.69,30.9
3342,221,148,1,233.23,58.4
3343,1192,7,6,3830.17,49.7
3344,796,37,1,5875.97,63.2
3345,303,130,1,6174.88,36.8
3346,470,63,5,6393.6,73.3
3347,1121,113,5,5488.11,7.9
3348,1044,63,3,6857.44,67.9
3349,1206,134,8,6846.12,56.1
3350,323,82,5,5565.43,1.8
3351,916,92,0,1752.67,15.7
3352,1358,33,8,4680.15,87.1
3353,1296,103,1,4724.82,4.7
3354,524,69,5,7965.33,19.0
3355,1,31,1,899.81,48.4
3356,809,65,2,6082.79,48.8
3357,60,126,3,5145.11,98.2
3358,1403,50,4,3420.37,13.5
3359,1165,12,1,3151.42,63.6
3360,78,141,1,648.78,73.8
3361,616,98,-7,4494.13,66.3
3362,486,126,5,401.28,4.8
3363,1246,7,8,1399.71,25.6
3364,1099,89,5,6670.48,72.0
3365,922,106,7,5456.25,74.0
3366,1491,72,1,1876.86,62.8
3367,1282,56,8,6684.31,2.1
3368,647,55,8,6839.53,31.4%
3369,5,7,4,2183.53,81.8
3370,890,75,3,2861.16,26.2
3371,1300,52,2,1202.06,8.1
3372,462,64,1,4104.96,9.0
3373,1306,4,1,6283.88,74.9
3374,124,102,7,1413.5,36.7
3375,1058,28,6,7388.48,12.7
3376,478,95,1,7719.98,85.1
3377,14,102,3,3403.94,20.2
3378,717,80,7,3411.56,73.8
3379,778,138,7,5122.79,29.2
3380,70,58,8,1846.69,83.0
3381,1260,91,3,5287.04,74.0
3382,779,57,1,6504.67,35.1
3383,188,93,3,3952.55,49.1
3384,1400,53,6,1916.51,80.4
3385,1356,50,1,6135.15,8.7
3386,562,146,1,558.08,94.2
3387,510,73,4,4266.84,69.2
3388,1006,75,8,2158.65,70.4
3389,1494,78,-4,4048.23,13.0
3390,1454,81,-8,5143.3,58.4
3391,210,48,1,4257.09,15.4
3392,545,2,6,6171.53,84.1
3393,1465,47,5,7800.36,74.2
3394,137,123,3,3268.8,79.8
3395,931,8,6,3035.38,65.7
3396,993,107,-6,6464.06,44.0
3397,96,127,7,2455.12,22.6
3398,260,74,4,4371.2,63.7
3399,723,80,2,1593.09,36.5
3400,1380,119,7,915.29,76.6
3401,642,134,4,7105.55,62.9
3402,907,126,5,5709.24,67.4
3403,197,116,2,4065.02,33.8
3404,1102,41,5,7556.23,1.4
3405,606,9,3,3278.61,82.8
3406,266,135,3,3424.18,32.2
3407,1136,3,1,7040.7,32.0
3408,507,1,6,6963.74,86.3%
3409,329,40,1,4350.83,54.6
3410,869,147,1,179.64,7.1
3411,552,18,3,5690.07,46.7
3412,260,117,6,7806.76,99.2
3413,838,56,3,6589.43,59.4
3414,1305,139,6,2520.18,16.7
3415,471,62,8,2658.06,60.9
3416,820,56,6,2852.66,84.5
3417,38,39,2,4838.97,35.0
3418,1249,77,7,4851.47,75.8
3419,1041,25,2,5055.02,15.7
3420,1283,42,5,4377.14,81.0
3421,357,108,5,4334.67,48.4
3422,1346,48,3,7764.25,34.7
3423,585,54,1,5329.82,35.5
3424,766,108,6,5295.01,61.7
3425,1152,29,1,3452.34,60.0
3426,991,10,3,1303.53,70.4
3427,632,69,1,1017.1,69.3
3428,982,125,7,6489.67,47.3
3429,1371,138,5,7193.45,5.4
3430,1313,118,1,6296.78,5.7
3431,322,50,5,4088.63,82.0
3432,1138,48,1,3866.19,34.4
3433,787,139,8,2943.37,35.7
3434,821,80,-6,6121.42,26.7
3435,511,62,8,524.63,34.3
3436,13,74,5,1176.23,26.6
3437,876,86,2,378.29,66.6
3438,746,90,2,4765.25,64.8
3439,311,74,6,4641.44,93.9
3440,222,97,2,6792.45,89.0%
3441,6,106,8,7532.59,19.4
3442,1238,53,6,7958.69,22.3
3443,1295,24,5,7593.11,53.3
3444,1267,107,8,7743.89,31.6
3445,658,50,6,5584.58,83.7
3446,1089,78,2,3027.02,69.7
3447,193,44,6,7751.36,44.2
3448,1413,62,7,4018.38,24.2
3449,354,52,6,1451.29,23.6
3450,209,99,3,540.78,74.9
3451,844,52,3,6194.56,33.3
3452,153,12,3,1723.72,46.5
3453,851,1,-7,3928.3,23.2
3454,152,104,3,6003.75,97.0
3455,1479,23,3,7546.59,3.8
3456,1370,98,5,1899.33,35.1
3457,291,63,6,6374.85,31.2
3458,486,12,6,7030.25,25.6
3459,1238,35,7,7947.96,61.3
3460,1362,58,8,1650.94,5.2
3461,1140,67,4,3274.58,50.9
3462,1468,93,4,2447.0,79.0
3463,258,104,8,6921.76,20.2
3464,645,4,-7,179.32,25.2
3465,80,102,6,2841.38,32.3
3466,347,75,6,4766.92,86.5
3467,880,145,3,583.94,23.9
3468,187,78,8,6797.18,38.2
3469,843,31,3,1316.49,39.8
3470,320,44,-5,5124.52,93.0
3471,917,135,5,5561.64,77.4
3472,197,60,3,2191.58,23.6
3473,1206,72,6,2649.44,38.1
3474,1221,117,5,3069.22,5.6
3475,82,14,8,3070.12,90.5
3476,685,109,7,3076.07,12.9
3477,299,75,8,643.99,74.6
3478,374,77,6,4620.29,70.8
3479,1086,58,4,2306.97,16.6
3480,1232,8,4,1655.1,93.9
3481,1473,25,7,6194.15,86.2
3482,795,114,5,2773.31,16.0
3483,71,72,1,4581.67,57.5
3484,403,88,7,4947.5,18.9
3485,1249,6,4,4116.87,94.3
3486,1042,48,6,5148.16,26.8
3487,1146,108,6,1877.46,74.1
3488,1291,90,2,2497.66,82.6
3489,1139,98,3,4426.93,74.0
3490,267,95,3,6771.09,86.5
3491,841,46,5,973.51,66.8
3492,1167,68,5,5311.74,44.6
3493,592,84,1,2487.52,3.5
3494,1299,18,4,3498.39,27.1
3495,980,19,5,563.39,66.6
3496,843,137,6,2205.28,79.5
3497,382,42,4,7318.11,73.7
3498,898,98,6,3274.63,58.6
3499,943,135,5,5055.32,86.9
3500,19,96,2,5891.98,10.9
3501,1600,101,5,5157.34,94.2
3502,1601,27,1,5937.24,48.2
3503,1602,81,1,301.6,25.6
3504,1603,18,1,5297.36,77.9
3505,1604,16,4,1439.43,19.2
3506,1605,19,3,7348.37,17.3
3507,1606,8,3,4590.68,20.8
3508,1607,107,3,547.13,26.5
533,1008,122,7,1127.23,13.7
301,23,77,5,1640.05,79.9
242,595,2,4,4942.83,4.5
1878,386,36,6,6490.01,28.5
165,1250,49,2,4300.92,79.9
2750,1157,140,4,7411.52,84.0
