order_id,customer_id,order_date,status,region_code
1,150,19-09-2026,DELIVERED,CENTRAL
2,157,2026-09-29 00:00:00,SHIPPED,CENTRAL
3,346,2024-01-17 17:28:44,CANCELLED,WEST
4,361,2024-12-16 20:57:01,DELIVERED,WEST
5,556,2023-10-13 21:47:53,RETURNED,CENTRAL
6,77,2023-02-22 13:02:27,DELIVERED,NORTH
7,237,02-10-2024,SHIPPED,SOUTH
8,62,2025-02-24 15:05:23,DELIVERED,CENTRAL
9,17,20-01-2025,DELIVERED,NORTH
10,282,2023-01-26 23:35:45,SHIPPED,CENTRAL
11,184,2025-12-20 02:04:19,PLACED,SOUTH
12,540,2024-01-10 07:58:09,DELIVERED,WEST
13,416,2023-05-03 18:03:03,SHIPPED,SOUTH
14,83,2024-04-10 23:51:54,CANCELLED,NORTH
15,387,2023-05-26 05:57:05,PLACED,NORTH
16,512,2025-12-27 19:57:59,DELIVERED,EAST
17,98,2025-05-29 00:39:50,RETURNED,SOUTH
18,581,2023-11-25 10:11:56,PLACED,NORTH
19,557,2025-11-29 05:21:10,PLACED,EAST
20,148,2023-01-25 07:46:33,DELIVERED,WEST
21,578,2023-04-30 12:26:15,CANCELLED,WEST
22,340,2025-11-17 17:41:34,DELIVERED,NORTH
23,355,16-02-2025,DELIVERED,NORTH
24,407,2024-06-13 02:13:04,SHIPPED,EAST
25,365,2024-11-30 21:43:43,DELIVERED,SOUTH
26,390,2025-11-21 20:51:39,DELIVERED,SOUTH
27,158,2023-04-25 04:31:40,DELIVERED,SOUTH
28,110,2024-08-28 06:09:36,RETURNED,WEST
29,105,2024-07-13 02:41:48,SHIPPED,WEST
30,418,2025-05-15 05:54:25,PLACED,CENTRAL
31,333,2023-05-25 13:41:13,PLACED,WEST
32,573,2024-08-25 10:12:55,RETURNED,CENTRAL
33,390,2025-03-20 12:11:06,SHIPPED,EAST
34,172,2025-02-05 00:59:35,DELIVERED,WEST
35,253,2023-04-30 11:50:10,DELIVERED,CENTRAL
36,139,2023-10-31 18:33:58,RETURNED,EAST
37,338,2025-08-21 10:26:26,DELIVERED,CENTRAL
38,206,2023-07-31 11:05:17,SHIPPED,WEST
39,503,2024-05-10 18:18:52,DELIVERED,EAST
40,403,2024-08-07 04:21:28,RETURNED,SOUTH
41,185,2025-07-08 23:49:26,DELIVERED,WEST
42,299,2023-11-22 16:15:31,PLACED,WEST
43,311,2025-11-11 10:25:31,DELIVERED,WEST
44,491,2024-08-08 15:14:11,DELIVERED,WEST
45,,2025-04-24 12:33:44,DELIVERED,CENTRAL
46,88,2025-07-11 11:12:43,SHIPPED,EAST
47,46,2023-09-16 09:32:54,DELIVERED,WEST
48,441,2024-05-30 02:49:15,PLACED,SOUTH
49,572,2025-03-04 07:23:24,DELIVERED,WEST
50,513,2024-08-04 04:11:18,RETURNED,WEST
51,88,2023-06-12 09:52:57,RETURNED,SOUTH
52,467,2024-06-25 02:38:00,DELIVERED,EAST
53,464,2025-01-09 16:37:33,SHIPPED,NORTH
54,112,2023-02-05 02:02:02,SHIPPED,SOUTH
55,164,2025-03-12 13:38:49,DELIVERED,WEST
56,189,2023-12-27 04:12:04,DELIVERED,WEST
57,203,2023-02-15 08:22:00,DELIVERED,NORTH
58,286,2025-12-30 18:26:53,CANCELLED,NORTH
59,550,2025-06-15 21:05:24,SHIPPED,WEST
60,502,2023-06-27 00:32:57,DELIVERED,CENTRAL
61,117,2024-08-26 17:31:18,CANCELLED,CENTRAL
62,305,2023-09-26 00:17:30,DELIVERED,SOUTH
63,313,2024-05-01 12:24:39,DELIVERED,SOUTH
64,142,2025-03-04 12:55:53,DELIVERED,WEST
65,178,2025-09-14 05:13:06,DELIVERED,SOUTH
66,462,2023-10-18 15:32:26,CANCELLED,NORTH
67,394,2025-01-22 19:31:48,DELIVERED,WEST
68,426,2024-09-27 13:38:02,DELIVERED,SOUTH
69,226,2023-05-09 10:11:03,SHIPPED,CENTRAL
70,469,2024-03-24 10:24:33,DELIVERED,WEST
71,587,2025-05-03 23:16:39,DELIVERED,EAST
72,43,2025-04-22 00:50:30,DELIVERED,SOUTH
73,254,2024-10-22 10:54:56,RETURNED,WEST
74,90,2024-02-13 06:27:42,RETURNED,SOUTH
75,360,2023-11-23 00:49:30,DELIVERED,WEST
76,212,2023-09-15 20:14:35,CANCELLED,CENTRAL
77,552,2024-06-28 23:20:56,RETURNED,EAST
78,527,2024-03-25 11:07:30,DELIVERED,NORTH
79,422,2023-07-30 15:07:14,RETURNED,SOUTH
80,256,2025-12-25 15:04:34,SHIPPED,SOUTH
81,146,2025-11-16 11:51:05,SHIPPED,WEST
82,96,2024-08-05 19:26:17,DELIVERED,EAST
83,336,2024-12-07 08:16:56,CANCELLED,NORTH
84,367,2024-12-13 04:13:37,DELIVERED,WEST
85,217,2023-12-05 09:17:18,SHIPPED,EAST
86,134,2024-06-08 16:25:29,DELIVERED,EAST
87,48,2025-11-26 07:22:48,DELIVERED,WEST
88,162,2023-01-26 07:00:46,PLACED,WEST
89,136,2023-11-11 06:58:09,SHIPPED,EAST
90,257,2023-05-25 23:58:00,DELIVERED,SOUTH
91,313,2023-03-22 10:46:10,DELIVERED,WEST
92,98,15-10-2025,DELIVERED,SOUTH
93,456,11-07-2025,DELIVERED,NORTH
94,490,18-10-2024,DELIVERED,NORTH
95,307,2023-06-10 07:37:55,DELIVERED,SOUTH
96,147,23-09-2025,DELIVERED,CENTRAL
97,360,2025-10-06 18:30:36,DELIVERED,SOUTH
98,454,2024-10-01 13:39:26,PLACED,NORTH
99,394,2023-08-06 12:04:05,DELIVERED,SOUTH
100,87,2024-01-20 22:08:44,DELIVERED,CENTRAL
101,28,2024-03-18 14:37:03,DELIVERED,EAST
102,522,2023-11-16 03:34:17,DELIVERED,NORTH
103,116,2024-01-07 19:16:55,DELIVERED,NORTH
104,13,2025-03-31 15:56:53,RETURNED,SOUTH
105,583,2024-08-23 22:22:30,DELIVERED,SOUTH
106,75,01-01-2025,PLACED,EAST
107,,02-12-2023,DELIVERED,CENTRAL
108,514,2024-03-21 01:02:21,DELIVERED,WEST
109,551,2023-05-09 01:07:53,SHIPPED,EAST
110,209,2023-05-03 18:08:14,SHIPPED,EAST
111,68,2024-08-29 23:31:34,DELIVERED,SOUTH
112,445,2023-03-31 22:53:24,DELIVERED,NORTH
113,180,2024-04-25 11:10:09,DELIVERED,NORTH
114,356,2023-09-12 12:07:23,DELIVERED,EAST
115,276,2023-09-17 08:49:48,PLACED,NORTH
116,279,2024-06-04 10:06:58,SHIPPED,CENTRAL
117,467,2025-09-01 20:07:11,PLACED,CENTRAL
118,262,2023-09-17 05:47:21,CANCELLED,NORTH
119,3,21-12-2023,CANCELLED,SOUTH
120,393,2023-03-13 10:18:56,SHIPPED,NORTH
121,430,2025-05-08 20:17:35,SHIPPED,EAST
122,586,2024-02-26 09:13:46,DELIVERED,NORTH
123,529,2023-10-06 14:26:31,RETURNED,NORTH
124,319,2024-12-23 11:58:03,DELIVERED,NORTH
125,578,2024-07-27 02:18:38,DELIVERED,SOUTH
126,506,2024-12-21 16:26:26,DELIVERED,CENTRAL
127,420,16-01-2024,DELIVERED,NORTH
128,,2024-06-04 10:21:10,CANCELLED,EAST
129,244,2023-06-11 11:30:01,RETURNED,SOUTH
130,238,2024-03-10 16:38:32,DELIVERED,EAST
131,87,2024-12-13 04:33:14,DELIVERED,WEST
132,64,2023-04-27 05:52:57,RETURNED,SOUTH
133,323,2024-03-29 02:28:13,DELIVERED,EAST
134,240,09-05-2024,SHIPPED,CENTRAL
135,169,2023-06-19 06:48:06,SHIPPED,NORTH
136,213,2025-04-12 12:42:55,DELIVERED,NORTH
137,312,2023-05-21 11:08:06,DELIVERED,NORTH
138,336,2023-12-01 00:33:21,DELIVERED,EAST
139,307,2024-09-07 13:03:51,RETURNED,NORTH
140,570,2024-09-20 04:50:05,SHIPPED,WEST
141,144,2023-06-08 07:22:52,PLACED,SOUTH
142,411,2023-07-23 01:25:02,DELIVERED,NORTH
143,77,23-06-2025,PLACED,WEST
144,340,2023-07-20 01:41:49,RETURNED,NORTH
145,444,2023-09-18 23:05:29,DELIVERED,NORTH
146,177,2024-08-17 13:11:15,RETURNED,EAST
147,153,10-03-2024,DELIVERED,SOUTH
148,422,2025-10-02 12:17:16,DELIVERED,NORTH
149,430,2024-03-10 14:48:17,CANCELLED,CENTRAL
150,557,2024-01-23 00:54:05,RETURNED,EAST
151,497,2025-01-15 03:55:55,DELIVERED,EAST
152,27,2024-08-26 07:54:12,SHIPPED,EAST
153,484,2023-04-02 00:26:21,DELIVERED,SOUTH
154,247,2023-09-05 23:14:39,CANCELLED,NORTH
155,398,2023-12-07 20:15:24,CANCELLED,SOUTH
156,326,2023-10-01 13:29:51,DELIVERED,CENTRAL
157,361,2023-02-13 19:37:01,DELIVERED,CENTRAL
158,505,2023-10-20 09:51:34,SHIPPED,NORTH
159,225,21-05-2023,DELIVERED,EAST
160,134,2025-08-12 00:36:13,SHIPPED,EAST
161,,2023-04-03 12:24:26,RETURNED,NORTH
162,75,2025-03-28 13:41:42,RETURNED,WEST
163,310,2025-06-29 08:17:05,RETURNED,WEST
164,325,2025-09-20 01:33:48,RETURNED,CENTRAL
165,180,2024-07-08 07:25:14,DELIVERED,EAST
166,2,2023-07-17 19:53:28,RETURNED,WEST
167,,2025-05-31 13:17:26,RETURNED,CENTRAL
168,107,2023-12-10 03:34:18,PLACED,NORTH
169,328,2024-01-05 17:07:52,CANCELLED,NORTH
170,344,2025-11-06 20:19:35,SHIPPED,SOUTH
171,263,2025-12-12 19:28:38,DELIVERED,NORTH
172,430,2024-08-22 12:46:40,CANCELLED,WEST
173,385,2024-08-11 07:25:41,DELIVERED,CENTRAL
174,231,2025-10-08 05:54:15,PLACED,NORTH
175,,2024-04-03 02:59:24,PLACED,EAST
176,165,2023-09-22 05:58:53,DELIVERED,NORTH
177,495,2024-06-08 23:42:39,DELIVERED,SOUTH
178,161,01-08-2025,SHIPPED,SOUTH
179,554,2024-09-27 19:03:33,SHIPPED,SOUTH
180,,2023-05-30 00:00:17,CANCELLED,SOUTH
181,438,2023-03-26 16:05:17,CANCELLED,CENTRAL
182,27,2025-01-16 03:56:26,DELIVERED,NORTH
183,316,2025-01-05 15:59:36,DELIVERED,EAST
184,397,2023-05-22 13:49:44,CANCELLED,EAST
185,270,2023-10-17 20:18:58,SHIPPED,EAST
186,100,2025-05-26 12:38:15,SHIPPED,CENTRAL
187,233,2024-10-05 02:32:27,CANCELLED,CENTRAL
188,487,2024-10-12 07:44:05,SHIPPED,EAST
189,36,2023-05-03 15:39:27,RETURNED,CENTRAL
190,151,2025-11-18 12:19:52,DELIVERED,SOUTH
191,198,2023-09-17 16:21:17,DELIVERED,WEST
192,152,2023-11-10 16:05:46,SHIPPED,NORTH
193,407,2023-05-16 04:37:05,CANCELLED,CENTRAL
194,13,2024-12-12 17:20:15,DELIVERED,CENTRAL
195,154,2024-10-13 19:35:31,DELIVERED,NORTH
196,104,2023-06-14 02:21:05,CANCELLED,EAST
197,498,2024-09-30 07:05:27,DELIVERED,SOUTH
198,412,03-03-2024,CANCELLED,EAST
199,487,2025-12-08 16:13:07,CANCELLED,NORTH
200,311,2024-06-08 20:33:37,CANCELLED,NORTH
201,454,2023-12-21 02:52:06,SHIPPED,WEST
202,193,2025-07-28 19:15:24,RETURNED,WEST
203,383,2025-01-22 13:59:24,DELIVERED,SOUTH
204,519,2023-04-12 22:22:40,DELIVERED,CENTRAL
205,,2025-06-02 09:38:24,CANCELLED,NORTH
206,,23-01-2024,DELIVERED,SOUTH
207,476,2024-03-01 14:37:17,DELIVERED,NORTH
208,,2025-11-24 04:01:15,DELIVERED,SOUTH
209,359,2025-01-07 05:42:36,CANCELLED,EAST
210,29,2025-12-06 02:12:34,SHIPPED,CENTRAL
211,231,2023-11-29 22:22:33,SHIPPED,WEST
212,,2025-03-08 08:30:41,DELIVERED,NORTH
213,178,2025-01-06 11:37:29,PLACED,EAST
214,313,2025-08-03 00:42:13,DELIVERED,EAST
215,358,2024-10-20 08:39:45,SHIPPED,EAST
216,407,2025-11-17 23:42:09,PLACED,EAST
217,290,2025-05-22 04:38:18,PLACED,NORTH
218,333,2024-06-06 09:33:47,SHIPPED,EAST
219,247,2023-10-20 14:34:22,CANCELLED,CENTRAL
220,144,2024-09-19 17:52:52,DELIVERED,EAST
221,415,2024-02-08 00:06:44,PLACED,CENTRAL
222,228,2023-10-23 00:33:01,DELIVERED,WEST
223,308,2025-11-09 17:04:20,CANCELLED,CENTRAL
224,483,2023-10-09 09:14:03,SHIPPED,CENTRAL
225,344,2023-10-12 09:16:58,SHIPPED,SOUTH
226,340,2024-04-22 00:58:07,DELIVERED,WEST
227,598,2023-07-02 23:12:41,DELIVERED,WEST
228,391,2023-10-30 05:07:07,DELIVERED,SOUTH
229,351,2023-08-02 09:20:52,DELIVERED,WEST
230,185,2023-08-11 11:47:00,DELIVERED,SOUTH
231,5,2024-05-01 20:55:24,SHIPPED,SOUTH
232,502,2025-06-14 05:14:06,DELIVERED,SOUTH
233,440,2025-08-12 13:27:54,RETURNED,WEST
234,,2023-01-08 06:04:41,DELIVERED,NORTH
235,544,2024-05-15 12:58:34,DELIVERED,SOUTH
236,353,2023-12-18 11:47:49,PLACED,CENTRAL
237,67,2025-07-03 11:14:02,SHIPPED,EAST
238,537,2024-12-09 06:09:53,CANCELLED,SOUTH
239,502,2024-06-16 10:00:22,SHIPPED,WEST
240,135,2023-01-30 17:01:18,PLACED,CENTRAL
241,39,2023-09-20 12:12:28,DELIVERED,CENTRAL
242,,2025-08-26 00:08:54,DELIVERED,NORTH
243,427,2023-03-16 22:19:59,PLACED,EAST
244,211,2025-01-06 22:46:38,DELIVERED,EAST
245,533,2024-10-15 19:13:30,DELIVERED,SOUTH
246,108,2024-10-12 14:57:20,DELIVERED,EAST
247,510,2023-06-27 02:41:45,SHIPPED,EAST
248,367,2025-03-23 16:18:01,SHIPPED,NORTH
249,213,2025-05-01 12:05:39,DELIVERED,SOUTH
250,,2023-01-05 06:04:48,PLACED,CENTRAL
251,93,2025-11-05 06:56:43,PLACED,NORTH
252,468,2024-02-02 12:20:56,SHIPPED,WEST
253,179,2023-03-19 19:07:30,CANCELLED,EAST
254,119,2025-11-17 07:41:06,DELIVERED,NORTH
255,175,2023-01-16 00:36:37,CANCELLED,CENTRAL
256,96,2024-02-21 19:17:57,SHIPPED,NORTH
257,468,2024-09-14 14:04:07,DELIVERED,WEST
258,171,2024-10-17 03:36:00,DELIVERED,NORTH
259,495,2023-09-05 14:41:28,DELIVERED,SOUTH
260,368,2025-08-07 15:46:45,CANCELLED,SOUTH
261,116,2025-01-20 10:30:53,DELIVERED,NORTH
262,13,2024-02-11 09:38:04,DELIVERED,CENTRAL
263,347,2025-05-27 17:10:57,DELIVERED,CENTRAL
264,255,2023-05-28 22:53:03,DELIVERED,WEST
265,572,2023-08-19 22:14:22,DELIVERED,NORTH
266,518,2025-09-26 11:38:33,CANCELLED,SOUTH
267,329,2023-04-27 07:10:42,RETURNED,NORTH
268,388,2025-02-26 11:41:43,SHIPPED,WEST
269,459,2024-11-21 00:33:41,DELIVERED,EAST
270,19,2023-07-04 09:42:43,DELIVERED,CENTRAL
271,,2025-05-02 23:53:12,DELIVERED,CENTRAL
272,521,2025-09-17 09:08:38,DELIVERED,WEST
273,56,2024-06-13 11:57:56,CANCELLED,EAST
274,485,2025-05-20 03:56:13,DELIVERED,WEST
275,228,27-06-2023,DELIVERED,EAST
276,109,30-04-2025,SHIPPED,SOUTH
277,201,2024-09-27 16:28:58,RETURNED,WEST
278,196,2023-12-01 21:45:33,PLACED,WEST
279,127,2023-03-14 05:39:32,DELIVERED,CENTRAL
280,511,22-02-2025,DELIVERED,CENTRAL
281,495,2024-11-03 08:20:25,DELIVERED,SOUTH
282,132,2025-12-10 16:50:01,DELIVERED,CENTRAL
283,394,2024-05-14 23:12:18,DELIVERED,SOUTH
284,352,2024-03-01 00:23:37,DELIVERED,SOUTH
285,525,2023-08-03 15:43:26,DELIVERED,EAST
286,206,2025-05-09 23:00:59,DELIVERED,EAST
287,183,2025-11-10 11:54:32,DELIVERED,EAST
288,576,2023-06-29 06:37:10,DELIVERED,WEST
289,547,2025-11-13 09:37:08,CANCELLED,NORTH
290,391,2025-03-23 00:47:11,DELIVERED,SOUTH
291,165,2024-02-19 17:40:16,DELIVERED,SOUTH
292,303,2023-04-07 08:45:04,DELIVERED,EAST
293,576,2024-12-04 01:56:46,DELIVERED,CENTRAL
294,295,2024-08-27 02:44:44,PLACED,WEST
295,321,2024-08-25 01:05:04,PLACED,EAST
296,454,2023-11-12 11:38:25,RETURNED,EAST
297,202,2025-07-03 00:35:43,RETURNED,EAST
298,77,2024-11-28 05:01:59,SHIPPED,CENTRAL
299,439,2023-07-05 09:49:57,SHIPPED,SOUTH
300,6,2025-06-26 04:34:41,DELIVERED,SOUTH
301,331,2023-03-04 01:05:35,DELIVERED,CENTRAL
302,587,2025-10-25 05:03:20,PLACED,EAST
303,189,2025-03-27 04:08:52,DELIVERED,SOUTH
304,414,2024-10-08 03:02:26,SHIPPED,SOUTH
305,370,2025-10-27 10:54:06,RETURNED,CENTRAL
306,575,2025-04-04 02:25:56,RETURNED,NORTH
307,457,2023-06-28 05:08:39,DELIVERED,CENTRAL
308,329,2024-01-14 18:32:07,DELIVERED,NORTH
309,290,22-08-2024,DELIVERED,EAST
310,457,2025-03-09 22:49:53,SHIPPED,SOUTH
311,99,2024-05-12 14:07:30,RETURNED,CENTRAL
312,,08-04-2025,DELIVERED,SOUTH
313,107,2025-11-30 17:45:26,CANCELLED,WEST
314,74,2025-10-01 09:32:49,SHIPPED,WEST
315,,30-05-2024,SHIPPED,EAST
316,234,2025-05-16 22:53:14,DELIVERED,WEST
317,324,06-09-2025,DELIVERED,CENTRAL
318,65,2023-01-10 03:55:40,DELIVERED,NORTH
319,109,2024-07-09 16:01:39,DELIVERED,CENTRAL
320,449,2023-05-15 09:08:54,CANCELLED,NORTH
321,226,2025-01-06 07:32:29,DELIVERED,CENTRAL
322,148,2024-04-03 05:35:39,CANCELLED,EAST
323,569,2023-01-18 07:42:35,PLACED,CENTRAL
324,561,2025-07-15 20:54:23,SHIPPED,EAST
325,525,2023-11-25 22:07:31,SHIPPED,CENTRAL
326,186,2024-01-28 14:53:47,DELIVERED,NORTH
327,563,02-05-2025,DELIVERED,EAST
328,595,2023-06-02 13:15:03,SHIPPED,SOUTH
329,103,2025-11-08 19:42:45,PLACED,SOUTH
330,337,2024-05-08 15:55:06,SHIPPED,CENTRAL
331,374,2023-08-25 17:41:45,RETURNED,SOUTH
332,227,2023-01-08 12:08:44,DELIVERED,EAST
333,340,2024-07-12 10:36:34,DELIVERED,EAST
334,112,2024-04-19 12:48:50,DELIVERED,EAST
335,202,2023-08-06 11:38:25,CANCELLED,NORTH
336,520,2023-04-28 03:06:50,CANCELLED,CENTRAL
337,218,2024-09-21 08:30:27,DELIVERED,CENTRAL
338,153,2025-04-18 08:37:16,SHIPPED,CENTRAL
339,514,2024-03-28 01:14:06,DELIVERED,CENTRAL
340,170,2023-01-17 10:53:11,PLACED,SOUTH
341,580,2023-10-06 07:00:59,RETURNED,WEST
342,,2024-07-11 08:52:02,SHIPPED,EAST
343,212,2024-07-27 21:32:31,DELIVERED,WEST
344,48,30-12-2024,DELIVERED,NORTH
345,281,2025-12-29 05:11:20,SHIPPED,CENTRAL
346,388,2025-06-04 17:06:40,DELIVERED,NORTH
347,229,2025-03-13 14:35:20,DELIVERED,EAST
348,7,2025-01-26 07:30:52,PLACED,SOUTH
349,288,2023-12-24 06:40:38,SHIPPED,EAST
350,122,2025-07-24 04:56:33,DELIVERED,EAST
351,491,2023-06-26 01:34:22,DELIVERED,WEST
352,131,2023-02-04 20:50:56,SHIPPED,CENTRAL
353,151,02-03-2023,SHIPPED,SOUTH
354,578,2025-03-13 13:45:39,CANCELLED,EAST
355,483,2023-05-14 04:56:09,SHIPPED,WEST
356,597,2025-07-22 08:53:27,SHIPPED,CENTRAL
357,351,2024-02-15 22:02:47,DELIVERED,NORTH
358,136,2023-12-24 00:04:44,SHIPPED,CENTRAL
359,154,2025-11-29 03:04:55,SHIPPED,CENTRAL
360,,2025-07-20 18:40:45,DELIVERED,NORTH
361,134,2023-05-25 18:22:25,DELIVERED,NORTH
362,535,2025-11-20 02:31:35,CANCELLED,CENTRAL
363,494,2024-10-28 08:38:55,DELIVERED,CENTRAL
364,436,2025-12-18 07:08:31,DELIVERED,SOUTH
365,557,2023-05-11 04:56:45,SHIPPED,NORTH
366,533,16-06-2025,DELIVERED,EAST
367,159,2024-09-27 02:50:57,DELIVERED,EAST
368,375,2025-04-12 19:26:20,RETURNED,WEST
369,571,2023-11-13 10:15:00,DELIVERED,CENTRAL
370,315,2025-01-21 11:53:09,DELIVERED,WEST
371,122,2023-08-03 11:34:02,DELIVERED,SOUTH
372,411,2023-06-05 18:39:28,CANCELLED,CENTRAL
373,54,2025-12-18 20:11:01,RETURNED,NORTH
374,483,2023-05-22 12:01:42,DELIVERED,NORTH
375,82,2024-02-13 16:46:50,DELIVERED,WEST
376,294,2025-08-11 18:17:46,DELIVERED,SOUTH
377,11,2025-09-21 15:47:25,DELIVERED,CENTRAL
378,523,2024-03-20 07:05:44,SHIPPED,SOUTH
379,,2025-11-13 01:27:01,PLACED,SOUTH
380,410,2023-05-15 21:44:04,DELIVERED,CENTRAL
381,71,2023-11-08 04:06:44,DELIVERED,CENTRAL
382,284,2025-06-24 13:17:44,RETURNED,WEST
383,268,2024-09-19 12:35:19,DELIVERED,CENTRAL
384,349,2023-04-23 10:44:40,CANCELLED,EAST
385,589,2025-04-15 14:29:30,DELIVERED,WEST
386,250,2025-05-24 20:26:50,RETURNED,WEST
387,29,2025-11-24 19:41:28,SHIPPED,WEST
388,226,2025-09-11 08:37:26,SHIPPED,EAST
389,529,2024-10-02 16:21:16,DELIVERED,EAST
390,409,2024-01-21 15:42:52,CANCELLED,NORTH
391,488,2025-05-11 11:10:42,SHIPPED,CENTRAL
392,195,2024-02-22 23:52:20,SHIPPED,SOUTH
393,208,2024-02-17 07:01:46,CANCELLED,EAST
394,123,2023-08-31 07:56:10,DELIVERED,WEST
395,,2025-08-11 13:07:42,RETURNED,WEST
396,505,2024-07-30 15:12:35,CANCELLED,CENTRAL
397,524,2024-03-02 18:47:23,SHIPPED,CENTRAL
398,434,2023-07-19 05:21:20,DELIVERED,CENTRAL
399,179,2024-06-23 11:52:15,PLACED,CENTRAL
400,9,15-12-2024,SHIPPED,CENTRAL
401,266,2023-06-06 12:09:04,SHIPPED,EAST
402,352,2025-01-02 05:01:43,DELIVERED,SOUTH
403,382,2024-10-13 00:55:02,DELIVERED,WEST
404,590,2023-10-07 10:45:23,CANCELLED,EAST
405,391,2024-01-02 07:27:14,CANCELLED,SOUTH
406,181,2025-01-04 18:14:03,PLACED,CENTRAL
407,499,2025-04-09 12:18:49,DELIVERED,CENTRAL
408,168,16-03-2023,CANCELLED,WEST
409,343,2025-09-05 10:57:55,DELIVERED,CENTRAL
410,422,2024-02-05 08:18:18,CANCELLED,CENTRAL
411,552,2023-11-06 01:41:45,DELIVERED,EAST
412,500,2024-05-20 00:14:39,DELIVERED,NORTH
413,475,2024-08-14 23:21:23,PLACED,SOUTH
414,346,2025-09-22 02:34:39,DELIVERED,WEST
415,352,2023-04-21 19:54:00,SHIPPED,EAST
416,405,2024-02-20 12:05:36,DELIVERED,EAST
417,462,2025-06-30 17:57:18,SHIPPED,NORTH
418,258,2023-07-14 05:49:32,DELIVERED,NORTH
419,106,2023-11-24 02:40:27,RETURNED,WEST
420,407,2025-05-01 23:05:31,RETURNED,NORTH
421,87,2024-02-12 16:55:46,CANCELLED,EAST
422,291,2023-12-23 07:00:35,PLACED,CENTRAL
423,,2023-09-23 00:43:36,CANCELLED,EAST
424,554,2025-01-09 16:20:07,DELIVERED,SOUTH
425,468,2025-12-19 17:15:57,DELIVERED,CENTRAL
426,547,2024-11-06 17:07:54,SHIPPED,CENTRAL
427,453,2023-12-19 19:57:43,DELIVERED,SOUTH
428,,2024-04-16 14:01:07,DELIVERED,SOUTH
429,548,18-06-2024,RETURNED,WEST
430,,2024-04-10 10:17:23,SHIPPED,SOUTH
431,194,2023-01-12 05:06:21,DELIVERED,WEST
432,400,2024-01-24 04:48:09,SHIPPED,NORTH
433,530,2024-10-17 22:13:30,RETURNED,EAST
434,545,2024-03-18 05:31:20,DELIVERED,NORTH
435,114,2023-10-11 08:37:57,DELIVERED,EAST
436,193,2025-12-24 03:30:40,SHIPPED,CENTRAL
437,105,2023-02-04 09:05:57,PLACED,WEST
438,155,13-01-2023,SHIPPED,WEST
439,511,2024-04-29 00:25:14,DELIVERED,NORTH
440,150,28-05-2024,DELIVERED,NORTH
441,197,2025-04-23 19:39:49,SHIPPED,WEST
442,255,2023-01-20 14:20:22,RETURNED,SOUTH
443,97,2023-02-22 01:21:15,RETURNED,WEST
444,320,2024-08-27 11:33:19,SHIPPED,NORTH
445,260,2025-05-03 17:49:31,SHIPPED,EAST
446,224,2023-03-22 21:57:47,SHIPPED,WEST
447,,2024-05-19 02:44:23,DELIVERED,WEST
448,,13-01-2024,DELIVERED,WEST
449,381,2025-12-05 09:39:21,SHIPPED,WEST
450,347,2023-05-22 23:41:48,RETURNED,NORTH
451,158,2023-04-03 20:34:42,DELIVERED,SOUTH
452,572,2025-01-27 20:06:03,DELIVERED,WEST
453,,2023-10-27 18:16:04,DELIVERED,EAST
454,449,2023-03-03 08:14:22,DELIVERED,WEST
455,557,2023-10-22 19:21:21,DELIVERED,EAST
456,568,2025-07-19 00:24:21,DELIVERED,WEST
457,555,2024-04-04 07:28:32,PLACED,CENTRAL
458,20,2024-08-11 19:46:06,DELIVERED,CENTRAL
459,65,2024-01-06 22:36:29,DELIVERED,WEST
460,510,2023-10-22 22:50:46,SHIPPED,EAST
461,330,2024-05-16 03:24:04,DELIVERED,NORTH
462,133,2023-03-10 00:08:04,PLACED,NORTH
463,33,2025-01-23 23:54:57,CANCELLED,WEST
464,263,27-03-2025,SHIPPED,NORTH
465,214,2023-01-21 07:53:07,RETURNED,NORTH
466,63,2024-12-28 02:30:34,DELIVERED,WEST
467,60,2024-07-27 07:52:35,SHIPPED,NORTH
468,80,2023-04-20 08:15:34,RETURNED,NORTH
469,545,2023-06-07 05:56:45,SHIPPED,SOUTH
470,184,2025-06-04 12:10:18,DELIVERED,NORTH
471,470,2025-09-19 01:38:22,DELIVERED,NORTH
472,564,2023-09-17 03:06:07,SHIPPED,SOUTH
473,454,2025-04-09 09:15:08,RETURNED,CENTRAL
474,423,2024-05-19 07:58:56,DELIVERED,EAST
475,559,2025-08-03 03:17:40,DELIVERED,EAST
476,459,2024-07-13 06:05:28,PLACED,NORTH
477,531,2024-03-17 22:15:50,CANCELLED,NORTH
478,220,2024-04-11 13:15:41,PLACED,EAST
479,585,2025-05-10 02:03:30,SHIPPED,NORTH
480,142,2024-12-16 03:49:49,CANCELLED,SOUTH
481,308,2023-12-28 22:39:05,DELIVERED,SOUTH
482,495,2023-04-30 22:16:58,CANCELLED,CENTRAL
483,308,29-05-2023,CANCELLED,WEST
484,343,2023-05-02 21:50:57,CANCELLED,WEST
485,233,2023-07-07 06:04:35,CANCELLED,NORTH
486,392,11-09-2025,DELIVERED,EAST
487,335,2025-04-18 18:02:21,SHIPPED,NORTH
488,403,2025-11-12 10:56:31,DELIVERED,CENTRAL
489,443,2025-02-23 01:40:26,DELIVERED,SOUTH
490,586,2024-06-06 05:15:29,DELIVERED,EAST
491,445,2023-05-13 03:58:28,PLACED,SOUTH
492,500,2025-01-17 02:05:25,DELIVERED,CENTRAL
493,537,2025-08-14 22:01:35,PLACED,WEST
494,590,2024-05-17 09:39:35,DELIVERED,WEST
495,329,2024-07-21 10:09:53,DELIVERED,EAST
496,453,2023-09-20 22:17:36,DELIVERED,SOUTH
497,160,2023-11-07 04:48:15,CANCELLED,NORTH
498,152,2023-03-26 17:19:28,CANCELLED,NORTH
499,114,2024-06-17 06:05:03,DELIVERED,EAST
500,217,2023-11-21 16:26:25,DELIVERED,EAST
501,145,2025-05-02 12:44:56,DELIVERED,WEST
502,540,24-06-2025,SHIPPED,EAST
503,278,08-11-2023,DELIVERED,NORTH
504,278,2023-04-14 10:56:44,RETURNED,EAST
505,,2023-06-17 14:29:03,DELIVERED,SOUTH
506,102,2024-08-14 09:34:10,DELIVERED,CENTRAL
507,204,2025-04-05 18:01:02,DELIVERED,NORTH
508,543,2023-03-03 18:04:37,DELIVERED,SOUTH
509,361,2023-01-29 12:57:58,SHIPPED,CENTRAL
510,264,2024-03-04 13:29:15,CANCELLED,NORTH
511,231,2025-05-12 01:38:18,CANCELLED,SOUTH
512,534,2023-05-17 09:14:07,DELIVERED,SOUTH
513,157,2024-10-10 07:18:52,SHIPPED,CENTRAL
514,135,2024-05-26 12:37:29,PLACED,CENTRAL
515,142,2025-11-28 15:10:53,DELIVERED,CENTRAL
516,149,2023-07-30 02:34:42,DELIVERED,SOUTH
517,546,2024-05-08 05:07:00,PLACED,EAST
518,327,2023-08-15 01:29:03,DELIVERED,WEST
519,281,2024-04-16 05:38:13,SHIPPED,SOUTH
520,,2023-10-14 23:50:55,DELIVERED,CENTRAL
521,238,2025-05-30 20:53:55,PLACED,NORTH
522,138,2025-12-04 23:45:59,DELIVERED,EAST
523,504,2023-10-13 19:08:24,SHIPPED,SOUTH
524,16,2023-02-20 01:36:17,RETURNED,SOUTH
525,210,08-11-2025,RETURNED,WEST
526,333,2025-08-16 13:38:25,CANCELLED,WEST
527,390,2024-09-20 22:31:37,DELIVERED,CENTRAL
528,40,2025-07-11 10:41:05,DELIVERED,NORTH
529,406,2024-01-17 17:10:01,PLACED,WEST
530,51,2025-03-12 18:35:50,DELIVERED,EAST
531,433,2024-03-20 03:40:06,RETURNED,CENTRAL
532,463,2023-08-09 23:04:38,DELIVERED,SOUTH
533,560,2025-06-28 11:04:22,DELIVERED,WEST
534,207,2023-02-08 16:47:27,PLACED,EAST
535,168,2025-12-10 13:05:41,PLACED,NORTH
536,88,2024-11-29 02:47:14,DELIVERED,CENTRAL
537,388,2025-08-08 19:43:04,PLACED,SOUTH
538,154,2024-06-04 16:54:21,PLACED,NORTH
539,457,2024-10-13 19:08:21,SHIPPED,SOUTH
540,,2023-11-12 02:51:35,PLACED,WEST
541,6,2025-02-13 14:43:48,DELIVERED,SOUTH
542,465,2025-07-03 18:22:43,PLACED,CENTRAL
543,561,2023-01-11 05:03:36,DELIVERED,SOUTH
544,57,2023-03-17 23:49:30,PLACED,NORTH
545,306,2025-11-02 03:26:00,PLACED,NORTH
546,166,2024-10-09 17:16:50,DELIVERED,CENTRAL
547,182,2025-06-08 00:14:28,DELIVERED,EAST
548,307,2023-02-25 16:12:49,CANCELLED,NORTH
549,67,2024-10-25 19:47:14,PLACED,EAST
550,538,2024-05-26 09:47:00,SHIPPED,NORTH
551,542,2023-06-19 19:04:57,DELIVERED,CENTRAL
552,325,2024-03-22 03:07:07,DELIVERED,CENTRAL
553,577,2024-07-03 16:36:31,DELIVERED,WEST
554,239,2025-02-04 01:53:48,RETURNED,NORTH
555,,2023-07-03 15:04:53,PLACED,SOUTH
556,424,13-08-2025,SHIPPED,SOUTH
557,289,2023-01-18 13:11:33,PLACED,EAST
558,7,2025-02-26 02:45:30,SHIPPED,WEST
559,30,2025-06-02 18:55:56,SHIPPED,EAST
560,486,2025-11-10 15:36:32,DELIVERED,WEST
561,550,2023-08-30 09:13:14,DELIVERED,WEST
562,307,2023-03-29 00:39:43,DELIVERED,CENTRAL
563,,2025-04-12 11:15:31,SHIPPED,EAST
564,288,2023-04-13 20:36:03,SHIPPED,WEST
565,170,2025-08-31 06:01:02,DELIVERED,CENTRAL
566,316,2023-07-01 12:17:01,SHIPPED,NORTH
567,509,2024-02-26 18:09:26,DELIVERED,EAST
568,180,2023-12-02 18:16:43,DELIVERED,SOUTH
569,26,2023-05-24 20:31:54,RETURNED,SOUTH
570,496,2023-10-23 11:36:19,DELIVERED,EAST
571,101,2023-08-11 14:25:35,RETURNED,SOUTH
572,471,2023-11-15 17:55:47,CANCELLED,NORTH
573,46,2023-01-07 09:13:37,DELIVERED,NORTH
574,48,2024-06-01 17:56:33,DELIVERED,EAST
575,320,2023-02-04 22:07:29,SHIPPED,SOUTH
576,546,2023-10-27 02:37:18,DELIVERED,NORTH
577,281,2024-02-28 13:17:08,RETURNED,CENTRAL
578,556,2025-03-09 13:34:14,SHIPPED,SOUTH
579,588,2025-12-30 04:12:32,PLACED,CENTRAL
580,52,2024-06-10 05:06:04,DELIVERED,NORTH
581,89,2023-06-14 13:14:30,SHIPPED,CENTRAL
582,457,2025-07-09 19:33:13,SHIPPED,SOUTH
583,81,2025-11-08 03:51:22,DELIVERED,WEST
584,480,2025-06-01 00:43:10,SHIPPED,WEST
585,230,2024-12-31 23:13:18,CANCELLED,EAST
586,339,2024-07-18 14:22:25,CANCELLED,WEST
587,,2025-01-27 07:34:06,DELIVERED,WEST
588,357,2023-09-23 07:56:35,PLACED,NORTH
589,110,2024-09-22 05:04:10,DELIVERED,EAST
590,424,2025-04-07 14:11:39,SHIPPED,SOUTH
591,349,2025-01-19 08:13:50,DELIVERED,WEST
592,351,2024-11-07 07:09:45,SHIPPED,NORTH
593,118,2025-06-10 23:17:27,DELIVERED,CENTRAL
594,181,2023-06-01 16:48:05,DELIVERED,CENTRAL
595,389,2023-06-18 22:17:37,DELIVERED,NORTH
596,143,2023-05-21 15:18:54,RETURNED,NORTH
597,464,2023-08-16 22:19:03,DELIVERED,CENTRAL
598,325,2024-11-25 15:19:28,DELIVERED,EAST
599,353,2024-11-06 07:47:54,DELIVERED,CENTRAL
600,131,2025-03-03 21:58:53,PLACED,CENTRAL
601,,2023-03-24 12:43:47,RETURNED,NORTH
602,241,2024-03-14 09:31:23,DELIVERED,EAST
603,446,2024-08-17 15:25:52,DELIVERED,WEST
604,394,2023-08-05 00:51:47,DELIVERED,WEST
605,129,2023-08-28 15:30:05,PLACED,NORTH
606,499,2023-08-12 16:33:20,RETURNED,SOUTH
607,426,2023-05-12 12:28:55,CANCELLED,CENTRAL
608,466,2024-10-23 07:24:06,DELIVERED,WEST
609,191,2024-08-20 15:12:15,PLACED,WEST
610,276,2024-01-03 18:40:42,DELIVERED,EAST
611,582,2023-02-21 23:32:56,DELIVERED,CENTRAL
612,82,2025-01-18 00:50:52,DELIVERED,EAST
613,536,2024-12-23 06:04:57,PLACED,WEST
614,80,2025-09-06 16:48:54,DELIVERED,CENTRAL
615,352,2024-04-30 10:50:02,PLACED,WEST
616,588,2025-03-07 09:27:57,DELIVERED,EAST
617,312,2024-03-25 06:28:20,DELIVERED,NORTH
618,174,2025-09-04 14:00:23,DELIVERED,EAST
619,,2025-08-27 20:13:30,PLACED,NORTH
620,288,2024-03-07 14:57:14,SHIPPED,NORTH
621,155,2025-07-27 00:05:55,DELIVERED,SOUTH
622,242,2024-02-10 20:12:08,DELIVERED,NORTH
623,149,2024-06-16 14:17:58,CANCELLED,WEST
624,244,2024-10-03 11:48:45,DELIVERED,SOUTH
625,354,24-11-2023,SHIPPED,NORTH
626,409,2023-03-23 14:12:24,DELIVERED,CENTRAL
627,400,2023-12-29 23:31:30,PLACED,WEST
628,460,2023-01-19 10:17:10,SHIPPED,CENTRAL
629,100,2025-11-26 19:28:26,DELIVERED,WEST
630,280,2025-08-06 08:33:05,SHIPPED,NORTH
631,401,2024-02-01 15:54:40,DELIVERED,SOUTH
632,200,2025-11-09 17:52:09,DELIVERED,SOUTH
633,9,2024-05-01 15:32:44,PLACED,NORTH
634,457,2025-03-26 23:16:16,DELIVERED,EAST
635,,2023-10-27 22:31:36,PLACED,CENTRAL
636,223,2025-10-17 00:01:40,DELIVERED,NORTH
637,134,2023-05-15 04:43:02,DELIVERED,CENTRAL
638,189,2023-10-15 00:40:23,DELIVERED,NORTH
639,284,2025-09-19 07:27:48,DELIVERED,EAST
640,76,2024-02-04 18:12:13,PLACED,WEST
641,265,2024-05-31 18:16:02,SHIPPED,WEST
642,206,2023-04-18 19:21:46,SHIPPED,WEST
643,442,2023-06-18 10:34:51,DELIVERED,WEST
644,75,07-02-2024,DELIVERED,WEST
645,153,2023-01-30 03:36:07,PLACED,NORTH
646,156,2025-10-29 10:18:05,RETURNED,CENTRAL
647,503,2023-01-06 18:05:09,DELIVERED,NORTH
648,394,2025-04-19 01:27:29,CANCELLED,WEST
649,368,2023-07-08 06:47:58,SHIPPED,NORTH
650,93,2025-09-09 04:49:41,CANCELLED,EAST
651,297,2023-05-05 23:38:46,SHIPPED,NORTH
652,307,2024-08-19 18:39:35,CANCELLED,EAST
653,449,2025-01-25 18:10:00,PLACED,SOUTH
654,245,2023-02-09 09:39:39,PLACED,CENTRAL
655,547,2025-09-26 11:58:31,CANCELLED,NORTH
656,346,2023-02-27 13:03:04,PLACED,NORTH
657,536,2023-11-25 19:56:03,DELIVERED,CENTRAL
658,239,2023-08-20 09:23:37,PLACED,SOUTH
659,483,2025-01-29 11:18:57,DELIVERED,SOUTH
660,15,2025-12-25 10:14:24,PLACED,EAST
661,175,2023-06-01 03:19:03,PLACED,NORTH
662,226,27-06-2023,SHIPPED,EAST
663,124,2025-11-19 20:30:16,DELIVERED,SOUTH
664,219,2024-05-14 13:44:23,DELIVERED,EAST
665,145,2023-04-09 05:04:58,SHIPPED,EAST
666,250,2025-05-09 16:32:08,PLACED,NORTH
667,162,09-09-2025,DELIVERED,NORTH
668,92,2023-01-12 05:19:48,DELIVERED,EAST
669,488,2024-10-08 13:53:23,SHIPPED,EAST
670,245,2025-03-23 14:05:30,DELIVERED,NORTH
671,512,2025-07-15 06:37:49,PLACED,EAST
672,572,2024-06-24 08:55:15,PLACED,CENTRAL
673,553,2023-05-29 15:21:09,DELIVERED,SOUTH
674,116,2024-03-05 09:55:48,DELIVERED,WEST
675,45,11-02-2025,DELIVERED,SOUTH
676,465,06-11-2024,DELIVERED,CENTRAL
677,30,2023-10-01 05:33:55,PLACED,SOUTH
678,334,2024-11-22 00:07:29,DELIVERED,EAST
679,334,2023-12-24 09:22:44,SHIPPED,WEST
680,226,07-11-2023,DELIVERED,NORTH
681,466,2024-11-08 02:13:38,DELIVERED,WEST
682,277,2023-10-29 14:37:12,PLACED,CENTRAL
683,114,2023-04-03 15:58:38,DELIVERED,SOUTH
684,303,2024-06-17 17:26:31,DELIVERED,CENTRAL
685,567,2023-09-21 23:39:14,PLACED,CENTRAL
686,222,2025-01-29 23:11:50,CANCELLED,EAST
687,253,2023-01-23 12:44:34,DELIVERED,SOUTH
688,588,2025-07-08 06:50:43,DELIVERED,NORTH
689,517,04-03-2023,DELIVERED,WEST
690,464,2025-12-18 05:07:30,PLACED,NORTH
691,224,2025-12-12 18:52:18,SHIPPED,NORTH
692,313,2023-01-25 17:55:10,DELIVERED,CENTRAL
693,,2025-06-25 16:25:34,DELIVERED,WEST
694,380,2023-10-15 07:16:36,DELIVERED,NORTH
695,341,2025-09-01 11:37:35,SHIPPED,EAST
696,556,2025-12-20 09:22:33,SHIPPED,NORTH
697,57,2025-08-21 20:14:48,RETURNED,EAST
698,375,2023-03-22 02:23:32,PLACED,EAST
699,69,2023-09-30 06:26:32,DELIVERED,SOUTH
700,117,2024-06-04 07:05:00,DELIVERED,CENTRAL
701,231,2025-12-27 19:54:33,CANCELLED,CENTRAL
702,56,22-11-2025,SHIPPED,WEST
703,126,2025-02-17 23:24:52,DELIVERED,CENTRAL
704,377,2024-03-30 00:24:17,RETURNED,NORTH
705,469,2023-10-20 14:19:49,DELIVERED,SOUTH
706,79,2024-03-23 23:18:46,SHIPPED,SOUTH
707,210,2025-02-10 00:28:35,DELIVERED,EAST
708,555,2024-10-09 01:36:43,DELIVERED,WEST
709,22,2024-11-20 12:18:07,PLACED,SOUTH
710,422,2025-03-18 04:51:20,DELIVERED,EAST
711,543,2025-01-25 04:55:32,DELIVERED,EAST
712,314,2025-05-31 04:40:29,SHIPPED,WEST
713,49,2024-07-31 17:31:23,SHIPPED,SOUTH
714,549,2025-08-19 00:12:23,RETURNED,SOUTH
715,43,2023-09-08 12:00:41,DELIVERED,WEST
716,211,2024-02-09 12:41:02,PLACED,EAST
717,460,2024-06-18 03:32:45,SHIPPED,EAST
718,415,2023-07-08 17:28:34,DELIVERED,WEST
719,560,2024-05-12 10:35:23,SHIPPED,EAST
720,588,2025-01-06 04:40:13,DELIVERED,WEST
721,491,2024-06-10 03:04:14,PLACED,CENTRAL
722,412,2023-07-01 13:27:24,SHIPPED,EAST
723,200,2023-05-24 15:56:47,SHIPPED,EAST
724,,2023-11-01 00:48:33,DELIVERED,NORTH
725,503,2025-03-06 00:49:18,DELIVERED,NORTH
726,152,2025-11-01 18:51:09,DELIVERED,WEST
727,,2024-08-02 04:09:10,SHIPPED,WEST
728,455,2025-05-21 12:49:36,DELIVERED,WEST
729,435,2024-03-24 09:03:22,DELIVERED,CENTRAL
730,213,2025-07-17 20:39:32,RETURNED,CENTRAL
731,385,2024-06-05 01:14:33,DELIVERED,EAST
732,474,2024-10-05 22:12:09,DELIVERED,SOUTH
733,391,2023-11-06 12:51:37,DELIVERED,EAST
734,573,2025-06-28 02:08:42,SHIPPED,NORTH
735,484,2023-08-28 06:25:47,DELIVERED,EAST
736,251,10-10-2024,DELIVERED,WEST
737,371,2023-04-14 15:40:54,DELIVERED,EAST
738,123,2025-09-02 13:23:22,DELIVERED,NORTH
739,60,2024-02-08 04:14:51,DELIVERED,SOUTH
740,280,2024-07-09 04:17:45,DELIVERED,EAST
741,543,2023-03-17 16:13:23,PLACED,SOUTH
742,97,2025-09-02 14:39:13,SHIPPED,EAST
743,309,2024-05-06 05:10:45,DELIVERED,EAST
744,361,2023-05-29 20:55:42,PLACED,CENTRAL
745,497,2024-03-13 04:00:52,RETURNED,SOUTH
746,516,2023-06-09 02:24:52,SHIPPED,CENTRAL
747,539,2025-08-10 22:16:00,DELIVERED,NORTH
748,79,2024-10-10 07:47:46,PLACED,NORTH
749,372,2025-01-14 21:44:07,DELIVERED,CENTRAL
750,351,2025-03-23 15:22:06,SHIPPED,NORTH
751,146,2023-12-12 10:06:05,SHIPPED,SOUTH
752,436,2023-07-22 06:53:17,DELIVERED,NORTH
753,442,30-01-2023,PLACED,CENTRAL
754,122,2025-07-10 11:12:38,PLACED,EAST
755,,2025-11-03 01:25:33,PLACED,CENTRAL
756,205,2023-11-16 01:54:40,DELIVERED,NORTH
757,285,2023-08-15 02:45:26,SHIPPED,SOUTH
758,248,2025-02-16 17:00:13,PLACED,CENTRAL
759,197,2023-01-22 17:22:22,SHIPPED,CENTRAL
760,102,2023-01-07 17:23:38,RETURNED,WEST
761,190,2024-07-23 06:43:54,RETURNED,SOUTH
762,435,2024-07-05 04:44:08,SHIPPED,NORTH
763,113,2024-05-03 05:13:04,DELIVERED,EAST
764,42,2025-12-30 18:16:22,DELIVERED,WEST
765,320,2024-03-16 13:48:03,CANCELLED,SOUTH
766,439,2025-05-10 11:28:52,PLACED,WEST
767,14,2025-11-20 23:50:34,DELIVERED,NORTH
768,88,2024-09-07 17:44:08,DELIVERED,CENTRAL
769,173,08-06-2023,RETURNED,EAST
770,414,2023-11-08 02:21:51,CANCELLED,WEST
771,596,2024-03-08 15:54:57,DELIVERED,WEST
772,415,2024-07-07 04:16:11,DELIVERED,SOUTH
773,257,2024-12-07 06:00:42,SHIPPED,SOUTH
774,55,2023-02-16 04:10:23,DELIVERED,NORTH
775,335,2023-10-06 05:10:16,DELIVERED,NORTH
776,533,2023-04-29 20:46:12,DELIVERED,SOUTH
777,503,2024-04-01 00:49:09,DELIVERED,CENTRAL
778,,2025-04-29 03:28:19,RETURNED,NORTH
779,386,2024-08-18 22:45:30,PLACED,SOUTH
780,311,2025-05-14 18:01:59,SHIPPED,WEST
781,399,2023-07-28 22:05:06,PLACED,WEST
782,553,2025-10-22 09:30:48,DELIVERED,SOUTH
783,270,2025-02-26 02:35:16,RETURNED,CENTRAL
784,292,2025-11-16 21:17:33,PLACED,NORTH
785,358,2023-07-19 03:34:12,DELIVERED,EAST
786,354,2024-08-14 04:48:14,DELIVERED,NORTH
787,241,2025-10-24 04:48:51,DELIVERED,NORTH
788,174,18-04-2024,SHIPPED,WEST
789,582,2025-10-18 19:21:37,DELIVERED,NORTH
790,23,2025-12-17 03:12:45,DELIVERED,WEST
791,501,2024-05-15 20:44:23,DELIVERED,EAST
792,348,2025-02-10 15:29:19,SHIPPED,WEST
793,78,2023-11-10 10:06:24,DELIVERED,EAST
794,,2024-02-16 21:41:55,DELIVERED,SOUTH
795,95,2025-08-28 05:44:33,DELIVERED,CENTRAL
796,581,2024-06-07 06:13:59,DELIVERED,SOUTH
797,310,2024-06-23 12:53:49,SHIPPED,CENTRAL
798,412,2024-05-01 18:38:43,DELIVERED,CENTRAL
799,529,2023-10-08 13:17:15,DELIVERED,SOUTH
800,479,2025-10-23 12:38:28,DELIVERED,CENTRAL
801,62,2024-11-04 18:25:14,DELIVERED,SOUTH
802,308,2024-01-09 09:47:25,DELIVERED,NORTH
803,423,2025-09-11 18:31:47,SHIPPED,SOUTH
804,242,2024-02-03 09:01:24,PLACED,SOUTH
805,318,2023-02-13 00:53:11,DELIVERED,WEST
806,38,2024-10-17 14:00:48,SHIPPED,NORTH
807,285,2024-02-06 09:43:57,SHIPPED,NORTH
808,57,2025-01-24 17:30:04,PLACED,CENTRAL
809,417,2024-04-07 21:28:07,DELIVERED,NORTH
810,144,2024-09-08 13:19:11,DELIVERED,CENTRAL
811,595,2023-07-07 09:52:57,RETURNED,EAST
812,244,2025-02-10 05:02:18,DELIVERED,EAST
813,400,2024-05-26 12:40:06,DELIVERED,WEST
814,180,2023-12-05 15:56:30,SHIPPED,WEST
815,58,2024-01-31 01:12:42,DELIVERED,NORTH
816,487,2024-05-06 15:36:01,RETURNED,SOUTH
817,377,2024-07-17 21:32:48,PLACED,CENTRAL
818,56,2023-02-24 01:47:22,DELIVERED,SOUTH
819,317,2024-01-28 23:53:09,DELIVERED,NORTH
820,454,2025-04-10 22:54:57,RETURNED,WEST
821,242,2024-02-01 22:59:11,CANCELLED,SOUTH
822,417,2024-11-12 17:21:32,SHIPPED,NORTH
823,423,2025-02-02 19:36:04,SHIPPED,WEST
824,268,2023-06-05 23:01:04,DELIVERED,CENTRAL
825,465,2025-04-30 20:46:11,DELIVERED,SOUTH
826,140,05-09-2025,SHIPPED,EAST
827,114,2024-05-02 08:23:47,DELIVERED,SOUTH
828,328,2025-07-11 18:31:34,CANCELLED,SOUTH
829,336,2024-02-09 22:51:01,SHIPPED,WEST
830,387,2024-07-25 01:06:18,CANCELLED,SOUTH
831,572,2023-02-02 05:02:35,DELIVERED,NORTH
832,173,19-12-2024,DELIVERED,CENTRAL
833,377,2024-02-09 03:23:06,DELIVERED,NORTH
834,465,2025-03-27 20:39:01,DELIVERED,SOUTH
835,273,2023-11-12 13:48:29,DELIVERED,SOUTH
836,221,2024-11-01 00:20:58,SHIPPED,SOUTH
837,150,11-10-2024,RETURNED,SOUTH
838,255,2025-08-17 12:47:18,DELIVERED,WEST
839,,2023-05-14 04:34:10,SHIPPED,WEST
840,393,2025-12-02 23:42:55,DELIVERED,EAST
841,61,24-04-2023,RETURNED,WEST
842,47,04-07-2024,DELIVERED,WEST
843,380,2024-04-14 22:17:29,CANCELLED,NORTH
844,174,2025-06-20 18:07:14,RETURNED,WEST
845,544,2023-07-24 22:19:00,SHIPPED,EAST
846,512,2023-03-10 14:29:04,CANCELLED,EAST
847,270,2024-10-30 02:46:08,DELIVERED,EAST
848,169,2025-03-14 02:08:19,RETURNED,SOUTH
849,451,13-05-2025,PLACED,SOUTH
850,,2023-10-12 12:00:12,DELIVERED,WEST
851,507,30-06-2023,DELIVERED,CENTRAL
852,116,2025-01-23 17:32:56,CANCELLED,NORTH
853,291,2024-06-27 02:11:35,SHIPPED,CENTRAL
854,600,2024-02-28 18:24:22,RETURNED,NORTH
855,185,2025-03-28 03:16:32,PLACED,WEST
856,337,17-11-2025,DELIVERED,NORTH
857,109,2024-09-04 07:42:55,SHIPPED,NORTH
858,492,2024-12-15 22:44:11,RETURNED,CENTRAL
859,,2025-10-19 04:15:11,DELIVERED,WEST
860,583,2024-05-19 17:43:35,CANCELLED,EAST
861,73,2024-05-17 00:40:56,DELIVERED,NORTH
862,246,2024-09-11 14:31:21,CANCELLED,NORTH
863,167,2023-02-01 20:44:38,DELIVERED,SOUTH
864,443,2023-07-07 08:22:04,RETURNED,CENTRAL
865,99,2023-07-23 22:43:18,DELIVERED,WEST
866,488,2024-11-22 23:17:48,DELIVERED,NORTH
867,191,2024-10-18 09:17:48,DELIVERED,NORTH
868,475,2025-03-08 10:45:24,DELIVERED,SOUTH
869,538,2025-02-08 10:57:07,DELIVERED,NORTH
870,131,2025-01-11 22:38:32,SHIPPED,SOUTH
871,583,23-03-2025,PLACED,NORTH
872,436,2025-03-08 13:28:50,DELIVERED,CENTRAL
873,600,2024-01-29 14:42:12,DELIVERED,NORTH
874,187,2025-10-24 17:25:39,PLACED,WEST
875,466,2025-12-30 05:08:09,DELIVERED,EAST
876,192,2024-06-14 05:52:04,PLACED,CENTRAL
877,109,2024-02-07 20:03:48,PLACED,WEST
878,,2023-07-01 06:04:51,DELIVERED,WEST
879,499,2025-10-18 17:28:13,CANCELLED,CENTRAL
880,405,2024-07-14 08:56:37,PLACED,SOUTH
881,17,2023-01-22 13:19:54,SHIPPED,NORTH
882,149,2023-11-22 00:38:25,DELIVERED,CENTRAL
883,475,2023-10-24 13:48:24,DELIVERED,NORTH
884,456,2023-09-16 00:51:41,DELIVERED,WEST
885,302,2025-06-28 02:49:00,CANCELLED,NORTH
886,,2024-06-02 14:49:56,DELIVERED,WEST
887,568,2025-02-09 01:09:18,PLACED,WEST
888,500,2025-01-25 03:09:26,PLACED,NORTH
889,567,17-10-2024,CANCELLED,WEST
890,356,2025-01-05 07:19:07,DELIVERED,SOUTH
891,481,2024-03-23 09:49:12,SHIPPED,SOUTH
892,348,2025-07-01 21:30:16,CANCELLED,WEST
893,400,2023-07-23 17:56:44,CANCELLED,EAST
894,166,2025-01-03 17:32:47,SHIPPED,NORTH
895,178,2025-11-02 05:40:01,DELIVERED,NORTH
896,506,2024-10-08 05:01:15,SHIPPED,NORTH
897,268,2023-01-29 03:57:27,SHIPPED,CENTRAL
898,346,2023-02-19 15:55:41,DELIVERED,NORTH
899,265,2025-05-23 00:11:13,DELIVERED,NORTH
900,155,2025-05-15 07:17:54,CANCELLED,CENTRAL
901,52,2025-11-06 00:14:35,DELIVERED,WEST
902,105,2023-06-22 07:48:05,PLACED,NORTH
903,211,2023-09-17 11:56:14,SHIPPED,EAST
904,511,2024-11-16 20:58:50,PLACED,EAST
905,126,2024-06-03 19:04:21,DELIVERED,WEST
906,486,2023-01-11 05:36:09,DELIVERED,NORTH
907,425,2024-02-18 05:46:53,DELIVERED,SOUTH
908,234,2025-04-02 18:47:36,DELIVERED,WEST
909,529,2024-12-13 15:33:13,DELIVERED,NORTH
910,11,2024-11-18 12:31:46,DELIVERED,NORTH
911,412,2023-05-12 16:45:39,SHIPPED,NORTH
912,155,2024-09-02 22:01:44,PLACED,CENTRAL
913,567,2024-04-04 09:24:20,DELIVERED,EAST
914,,2024-06-18 15:06:59,DELIVERED,SOUTH
915,211,2025-12-23 20:53:32,DELIVERED,CENTRAL
916,354,2025-10-09 21:42:16,DELIVERED,WEST
917,87,03-11-2023,SHIPPED,SOUTH
918,291,2025-03-19 12:31:00,DELIVERED,EAST
919,164,20-03-2025,CANCELLED,CENTRAL
920,312,2025-07-09 10:08:07,RETURNED,NORTH
921,266,2023-04-04 02:56:20,DELIVERED,NORTH
922,460,2025-10-08 05:38:16,DELIVERED,WEST
923,596,2024-06-10 14:06:04,CANCELLED,CENTRAL
924,307,2025-07-14 03:40:22,DELIVERED,CENTRAL
925,387,2025-11-10 14:08:57,SHIPPED,EAST
926,370,2025-03-13 06:43:10,PLACED,WEST
927,64,2024-10-02 02:26:51,PLACED,SOUTH
928,539,2024-11-24 02:12:10,DELIVERED,WEST
929,434,2024-02-14 15:12:50,DELIVERED,WEST
930,148,2024-10-09 15:59:30,DELIVERED,WEST
931,526,2023-07-20 23:49:45,PLACED,SOUTH
932,161,2024-12-08 11:44:58,DELIVERED,NORTH
933,113,2025-07-23 13:16:53,DELIVERED,NORTH
934,381,2025-03-23 02:33:28,DELIVERED,EAST
935,,2025-01-24 20:37:02,DELIVERED,WEST
936,313,2023-03-17 13:50:32,SHIPPED,WEST
937,358,04-01-2023,PLACED,WEST
938,464,2025-06-09 05:11:29,DELIVERED,WEST
939,142,2025-07-29 22:29:41,DELIVERED,WEST
940,334,2025-11-02 11:47:32,DELIVERED,CENTRAL
941,405,2024-09-28 08:03:03,PLACED,WEST
942,170,2024-03-06 21:17:35,DELIVERED,EAST
943,573,2025-05-21 13:14:58,RETURNED,CENTRAL
944,584,2025-06-15 02:44:05,DELIVERED,CENTRAL
945,545,2023-01-29 23:50:49,PLACED,SOUTH
946,594,2024-01-17 00:57:02,CANCELLED,CENTRAL
947,47,2024-05-12 18:32:22,RETURNED,EAST
948,25,2024-11-09 21:11:25,SHIPPED,EAST
949,102,2023-05-22 09:39:40,SHIPPED,SOUTH
950,158,2024-02-01 23:45:47,DELIVERED,SOUTH
951,334,2023-04-02 12:27:47,DELIVERED,EAST
952,146,2024-08-28 18:00:22,SHIPPED,WEST
953,246,2023-07-07 21:56:57,DELIVERED,WEST
954,395,2025-03-01 02:46:31,SHIPPED,EAST
955,68,2024-12-23 01:52:38,DELIVERED,SOUTH
956,104,2023-01-29 22:18:34,DELIVERED,SOUTH
957,457,2024-04-18 04:47:23,DELIVERED,SOUTH
958,173,2023-08-10 03:49:39,DELIVERED,WEST
959,2,2025-05-12 09:34:33,RETURNED,CENTRAL
960,172,25-03-2024,RETURNED,WEST
961,390,2024-02-29 13:28:19,CANCELLED,SOUTH
962,289,28-06-2025,DELIVERED,CENTRAL
963,405,2023-04-19 15:22:26,CANCELLED,CENTRAL
964,216,2024-03-10 02:57:37,RETURNED,EAST
965,268,2025-11-25 14:34:05,DELIVERED,EAST
966,330,2024-01-18 00:52:15,DELIVERED,CENTRAL
967,,2024-05-25 05:46:25,DELIVERED,NORTH
968,10,2025-08-03 17:12:54,DELIVERED,WEST
969,80,2024-09-02 04:18:46,CANCELLED,WEST
970,386,2025-11-10 07:08:39,DELIVERED,SOUTH
971,128,2025-12-18 19:10:00,RETURNED,WEST
972,21,2023-01-15 13:05:21,DELIVERED,EAST
973,311,2023-10-25 12:04:22,SHIPPED,WEST
974,,2024-07-17 21:35:25,DELIVERED,CENTRAL
975,,2023-11-21 19:18:11,DELIVERED,NORTH
976,506,2024-03-06 20:15:58,SHIPPED,CENTRAL
977,579,2025-11-10 04:31:14,DELIVERED,NORTH
978,584,2023-07-17 22:58:07,CANCELLED,EAST
979,24,2023-10-26 00:44:38,DELIVERED,CENTRAL
980,574,2025-08-12 12:36:02,PLACED,WEST
981,54,2025-09-22 16:57:18,SHIPPED,WEST
982,531,2024-03-01 16:47:15,DELIVERED,NORTH
983,,2023-12-15 19:45:50,DELIVERED,EAST
984,343,2023-01-09 00:21:07,DELIVERED,NORTH
985,434,2023-12-17 12:01:17,RETURNED,SOUTH
986,65,2023-09-13 12:19:03,PLACED,WEST
987,343,2024-11-02 00:13:25,SHIPPED,WEST
988,56,2024-01-06 06:40:31,DELIVERED,SOUTH
989,450,2023-04-24 06:18:46,DELIVERED,CENTRAL
990,63,2023-07-13 21:51:52,DELIVERED,NORTH
991,453,18-07-2023,DELIVERED,WEST
992,58,2023-04-13 04:50:19,SHIPPED,WEST
993,421,2024-09-15 23:49:48,DELIVERED,CENTRAL
994,476,2023-01-17 11:26:26,CANCELLED,CENTRAL
995,27,2023-06-07 07:54:53,SHIPPED,SOUTH
996,70,2023-06-17 18:46:39,CANCELLED,CENTRAL
997,263,2023-07-15 16:56:07,DELIVERED,CENTRAL
998,141,2024-11-21 16:47:45,PLACED,EAST
999,367,2025-06-27 00:34:14,CANCELLED,SOUTH
1000,352,2023-08-17 23:48:29,RETURNED,CENTRAL
1001,149,30-06-2025,DELIVERED,CENTRAL
1002,201,2023-03-26 19:54:26,DELIVERED,SOUTH
1003,488,2023-04-17 06:16:39,RETURNED,CENTRAL
1004,593,2025-12-11 15:03:32,SHIPPED,EAST
1005,108,2024-10-12 10:05:30,DELIVERED,NORTH
1006,4,2025-02-09 09:38:08,DELIVERED,WEST
1007,493,2025-08-27 05:25:27,RETURNED,EAST
1008,189,2024-08-06 23:00:28,PLACED,NORTH
1009,569,2023-04-25 12:53:48,SHIPPED,SOUTH
1010,369,07-09-2025,PLACED,SOUTH
1011,269,2024-03-17 08:02:55,SHIPPED,CENTRAL
1012,23,2024-01-18 02:12:44,SHIPPED,NORTH
1013,141,2023-02-02 14:42:14,DELIVERED,NORTH
1014,313,2024-06-09 15:50:34,DELIVERED,EAST
1015,540,2025-10-23 16:27:46,RETURNED,WEST
1016,134,2023-04-12 13:27:02,SHIPPED,WEST
1017,440,2025-12-14 15:23:22,SHIPPED,NORTH
1018,549,2025-08-14 23:11:19,PLACED,SOUTH
1019,287,2023-03-24 17:38:18,CANCELLED,CENTRAL
1020,84,2025-01-29 14:53:32,DELIVERED,CENTRAL
1021,398,2023-04-11 18:38:32,DELIVERED,CENTRAL
1022,476,2024-08-04 09:39:04,DELIVERED,CENTRAL
1023,507,2025-12-14 21:11:50,DELIVERED,CENTRAL
1024,,2025-10-06 07:57:39,SHIPPED,SOUTH
1025,436,2024-09-07 00:13:15,DELIVERED,EAST
1026,138,2024-01-31 09:32:16,SHIPPED,CENTRAL
1027,43,2024-06-30 03:39:51,DELIVERED,WEST
1028,419,2024-12-01 20:08:09,DELIVERED,EAST
1029,,2024-08-16 23:49:17,SHIPPED,NORTH
1030,302,2024-07-11 19:57:17,DELIVERED,NORTH
1031,101,2024-03-05 09:52:08,DELIVERED,CENTRAL
1032,338,2023-11-08 03:58:16,DELIVERED,EAST
1033,142,2023-10-24 03:39:54,DELIVERED,CENTRAL
1034,,2024-02-10 15:50:06,CANCELLED,WEST
1035,13,2024-09-22 07:46:21,DELIVERED,SOUTH
1036,215,2024-09-09 12:04:16,DELIVERED,CENTRAL
1037,473,2024-12-29 03:49:53,PLACED,SOUTH
1038,428,2024-10-28 02:33:38,DELIVERED,CENTRAL
1039,592,2023-02-16 18:21:40,SHIPPED,NORTH
1040,364,2025-02-15 09:54:08,DELIVERED,WEST
1041,334,2025-12-08 16:23:58,DELIVERED,NORTH
1042,339,2023-08-05 03:19:08,DELIVERED,CENTRAL
1043,391,2025-06-10 11:44:59,DELIVERED,CENTRAL
1044,112,2024-08-23 07:17:52,RETURNED,EAST
1045,567,2023-05-25 20:17:43,CANCELLED,CENTRAL
1046,,2025-01-29 00:49:30,RETURNED,WEST
1047,299,2024-03-16 21:29:16,PLACED,NORTH
1048,176,2024-07-26 16:21:09,RETURNED,WEST
1049,133,2023-09-01 22:42:21,DELIVERED,NORTH
1050,212,2024-08-27 06:42:22,SHIPPED,WEST
1051,589,2025-10-29 17:15:58,DELIVERED,CENTRAL
1052,207,29-11-2025,PLACED,NORTH
1053,253,2024-09-12 04:37:51,RETURNED,WEST
1054,41,2024-12-15 21:40:10,SHIPPED,WEST
1055,305,2024-06-22 16:57:50,CANCELLED,SOUTH
1056,443,2024-10-06 18:17:18,RETURNED,SOUTH
1057,403,2025-12-21 02:47:20,PLACED,SOUTH
1058,551,2024-03-01 07:07:09,RETURNED,SOUTH
1059,567,2025-02-05 14:33:01,DELIVERED,NORTH
1060,334,2025-02-22 13:12:09,SHIPPED,SOUTH
1061,,25-02-2025,DELIVERED,WEST
1062,409,2024-08-15 02:30:34,DELIVERED,NORTH
1063,140,2024-01-25 07:15:32,DELIVERED,WEST
1064,562,2024-12-17 16:38:08,DELIVERED,WEST
1065,286,2023-08-06 21:06:49,SHIPPED,NORTH
1066,302,2025-07-31 22:10:25,DELIVERED,SOUTH
1067,12,2023-05-01 12:35:22,SHIPPED,EAST
1068,36,2023-10-04 10:05:33,DELIVERED,WEST
1069,,2025-12-18 08:26:17,DELIVERED,NORTH
1070,455,29-08-2024,PLACED,WEST
1071,384,2023-11-10 09:20:22,SHIPPED,NORTH
1072,,17-10-2024,CANCELLED,NORTH
1073,99,2023-12-09 15:21:55,CANCELLED,SOUTH
1074,,2023-09-17 11:58:23,CANCELLED,EAST
1075,213,2025-05-23 02:53:46,DELIVERED,WEST
1076,109,2023-07-07 15:53:53,SHIPPED,WEST
1077,399,2025-10-12 22:37:02,SHIPPED,EAST
1078,45,06-10-2025,SHIPPED,EAST
1079,105,2025-07-19 07:27:29,DELIVERED,CENTRAL
1080,98,2023-09-24 08:27:32,RETURNED,WEST
1081,137,2025-11-19 01:57:47,DELIVERED,EAST
1082,344,01-11-2025,RETURNED,WEST
1083,239,2024-08-16 23:50:20,DELIVERED,NORTH
1084,,2023-12-28 08:10:36,PLACED,SOUTH
1085,82,27-10-2024,DELIVERED,EAST
1086,210,2023-11-10 19:32:43,SHIPPED,CENTRAL
1087,337,2024-11-20 07:18:42,SHIPPED,NORTH
1088,425,2025-03-20 03:32:51,SHIPPED,NORTH
1089,340,2023-12-22 18:06:44,SHIPPED,NORTH
1090,228,2025-10-30 01:13:16,DELIVERED,EAST
1091,7,13-10-2023,DELIVERED,SOUTH
1092,145,2023-03-22 22:41:04,PLACED,SOUTH
1093,210,2025-07-09 14:52:19,PLACED,WEST
1094,203,2024-04-28 20:10:52,SHIPPED,SOUTH
1095,460,2024-04-15 20:24:48,SHIPPED,WEST
1096,369,2023-05-05 07:12:41,SHIPPED,WEST
1097,444,2024-10-18 15:17:45,CANCELLED,WEST
1098,438,2023-01-31 18:36:37,DELIVERED,EAST
1099,567,2025-07-13 14:02:38,SHIPPED,WEST
1100,385,2024-04-20 02:48:47,DELIVERED,EAST
1101,201,2023-08-01 06:55:04,SHIPPED,NORTH
1102,384,2025-02-16 19:26:30,RETURNED,WEST
1103,316,2024-08-02 15:51:00,DELIVERED,WEST
1104,128,2023-03-02 07:34:17,DELIVERED,SOUTH
1105,357,2024-11-08 18:21:58,DELIVERED,EAST
1106,395,2025-12-17 21:44:23,DELIVERED,SOUTH
1107,,2025-01-12 02:53:59,DELIVERED,NORTH
1108,152,2025-12-19 11:37:09,DELIVERED,SOUTH
1109,593,2024-01-31 00:32:42,CANCELLED,NORTH
1110,394,2023-07-01 08:02:01,DELIVERED,NORTH
1111,434,2025-03-16 12:27:43,DELIVERED,EAST
1112,392,2025-02-16 17:27:58,DELIVERED,NORTH
1113,353,2023-06-19 18:01:57,SHIPPED,SOUTH
1114,7,2024-09-10 05:24:18,CANCELLED,NORTH
1115,428,2023-05-31 11:36:00,DELIVERED,WEST
1116,191,2023-09-23 01:42:22,SHIPPED,SOUTH
1117,462,2025-02-19 18:47:55,SHIPPED,SOUTH
1118,197,2023-04-02 15:00:38,RETURNED,WEST
1119,112,2024-11-15 15:37:19,SHIPPED,EAST
1120,284,14-05-2023,PLACED,SOUTH
1121,104,12-01-2025,SHIPPED,NORTH
1122,43,2025-10-30 13:00:44,DELIVERED,NORTH
1123,273,2024-08-06 13:50:10,DELIVERED,EAST
1124,380,2025-07-27 20:36:16,SHIPPED,EAST
1125,409,2024-01-08 04:49:28,PLACED,EAST
1126,4,2024-05-28 00:48:29,DELIVERED,SOUTH
1127,544,2023-02-09 21:26:08,DELIVERED,SOUTH
1128,487,2024-07-26 08:03:43,DELIVERED,NORTH
1129,330,18-09-2025,DELIVERED,NORTH
1130,240,2024-05-20 16:27:32,DELIVERED,CENTRAL
1131,488,2023-05-07 09:39:53,CANCELLED,NORTH
1132,200,2024-08-20 20:33:59,CANCELLED,CENTRAL
1133,,2025-02-22 22:13:00,PLACED,CENTRAL
1134,457,2024-12-26 03:40:44,DELIVERED,CENTRAL
1135,175,2024-01-10 05:27:47,DELIVERED,NORTH
1136,30,2023-06-13 20:11:40,RETURNED,WEST
1137,264,2024-03-11 12:29:53,RETURNED,NORTH
1138,548,2025-10-30 18:45:26,DELIVERED,EAST
1139,67,2023-12-14 16:06:01,DELIVERED,WEST
1140,576,2025-10-12 19:53:29,DELIVERED,SOUTH
1141,298,2023-12-14 06:34:45,PLACED,CENTRAL
1142,119,2023-10-20 06:58:40,PLACED,EAST
1143,2,2024-08-13 14:42:03,DELIVERED,SOUTH
1144,328,2024-08-25 23:06:50,DELIVERED,SOUTH
1145,228,2025-03-18 09:44:09,PLACED,WEST
1146,304,2024-05-05 18:35:00,DELIVERED,WEST
1147,150,2023-08-18 00:24:56,CANCELLED,NORTH
1148,515,2025-07-19 07:52:34,PLACED,CENTRAL
1149,221,2025-01-12 23:40:23,DELIVERED,WEST
1150,342,2023-04-02 08:41:31,DELIVERED,SOUTH
1151,184,2025-12-24 01:04:51,DELIVERED,EAST
1152,164,2025-10-21 02:37:58,DELIVERED,EAST
1153,357,2024-10-18 05:36:37,DELIVERED,CENTRAL
1154,200,2024-03-15 16:29:28,DELIVERED,NORTH
1155,595,2023-07-23 08:19:52,PLACED,EAST
1156,592,2024-12-11 18:02:52,DELIVERED,EAST
1157,201,2023-08-13 23:23:18,PLACED,CENTRAL
1158,152,2023-06-08 08:53:27,RETURNED,SOUTH
1159,486,2023-03-29 12:11:27,PLACED,CENTRAL
1160,445,2025-10-06 21:24:10,DELIVERED,WEST
1161,,2024-01-16 14:17:58,DELIVERED,CENTRAL
1162,385,2023-09-25 22:46:53,RETURNED,NORTH
1163,392,2024-12-21 07:00:40,DELIVERED,EAST
1164,85,2023-01-19 00:34:10,DELIVERED,CENTRAL
1165,,2023-12-16 10:11:10,DELIVERED,EAST
1166,186,2025-12-13 15:58:27,RETURNED,WEST
1167,102,2024-04-08 11:47:30,DELIVERED,CENTRAL
1168,21,2023-10-15 05:11:35,CANCELLED,CENTRAL
1169,599,2025-01-28 22:57:31,CANCELLED,NORTH
1170,121,2023-11-19 06:48:35,DELIVERED,SOUTH
1171,322,2023-01-09 06:29:35,PLACED,SOUTH
1172,576,2025-10-10 20:12:05,DELIVERED,NORTH
1173,373,2023-07-13 17:47:28,SHIPPED,NORTH
1174,532,2024-01-21 18:40:39,SHIPPED,CENTRAL
1175,503,2024-11-22 03:49:50,DELIVERED,EAST
1176,215,2025-07-30 15:44:06,DELIVERED,NORTH
1177,,2024-01-04 07:44:31,CANCELLED,SOUTH
1178,222,2023-07-28 11:38:13,SHIPPED,CENTRAL
1179,262,2024-10-17 13:51:36,DELIVERED,SOUTH
1180,261,2024-09-13 11:17:40,RETURNED,SOUTH
1181,276,2025-04-12 11:57:40,DELIVERED,SOUTH
1182,524,2024-08-01 02:28:08,DELIVERED,SOUTH
1183,445,2024-05-06 10:46:05,RETURNED,SOUTH
1184,545,2023-05-01 10:19:35,DELIVERED,NORTH
1185,372,2024-05-26 15:20:16,DELIVERED,SOUTH
1186,101,2023-12-17 17:08:48,RETURNED,WEST
1187,127,2023-06-13 02:47:07,DELIVERED,EAST
1188,502,2025-07-03 17:03:48,SHIPPED,CENTRAL
1189,102,2024-03-14 01:35:59,SHIPPED,WEST
1190,545,2023-10-08 15:57:30,CANCELLED,WEST
1191,266,10-01-2025,DELIVERED,SOUTH
1192,388,2025-10-18 11:43:23,SHIPPED,EAST
1193,429,2024-01-22 23:33:16,SHIPPED,EAST
1194,283,2024-12-29 01:07:41,DELIVERED,SOUTH
1195,90,2024-04-19 02:12:43,DELIVERED,EAST
1196,79,2023-05-21 00:41:05,RETURNED,SOUTH
1197,293,2025-06-12 17:21:40,DELIVERED,NORTH
1198,140,2024-10-20 15:15:18,DELIVERED,CENTRAL
1199,15,2025-12-20 02:55:30,RETURNED,NORTH
1200,354,2024-10-22 04:21:43,DELIVERED,CENTRAL
1201,460,2025-11-28 16:16:48,DELIVERED,CENTRAL
1202,376,2023-12-16 15:09:53,DELIVERED,NORTH
1203,175,2024-10-18 16:13:42,PLACED,SOUTH
1204,121,2025-04-17 11:50:10,DELIVERED,EAST
1205,,2023-11-27 23:40:27,DELIVERED,EAST
1206,37,2025-09-25 19:47:40,CANCELLED,WEST
1207,472,2023-03-31 07:38:00,DELIVERED,NORTH
1208,191,2024-06-27 06:34:11,PLACED,WEST
1209,542,2025-02-03 08:48:32,SHIPPED,NORTH
1210,,2025-01-27 04:02:32,SHIPPED,WEST
1211,374,2024-09-06 04:02:43,SHIPPED,EAST
1212,450,2023-06-18 20:26:34,DELIVERED,WEST
1213,204,2023-01-10 00:37:14,SHIPPED,SOUTH
1214,340,2024-09-04 21:44:28,SHIPPED,SOUTH
1215,273,2025-01-14 13:24:43,DELIVERED,WEST
1216,333,2025-11-25 00:58:41,DELIVERED,WEST
1217,399,2025-02-18 14:38:38,RETURNED,NORTH
1218,513,15-07-2023,DELIVERED,NORTH
1219,440,2025-11-19 17:14:29,DELIVERED,WEST
1220,498,2025-01-15 22:53:35,DELIVERED,CENTRAL
1221,192,2023-08-25 21:27:09,DELIVERED,EAST
1222,440,2025-12-24 21:31:30,DELIVERED,NORTH
1223,186,2025-12-25 04:34:42,CANCELLED,SOUTH
1224,411,23-12-2023,RETURNED,SOUTH
1225,,2024-10-24 05:43:37,CANCELLED,WEST
1226,237,2024-09-24 17:08:23,DELIVERED,NORTH
1227,53,2025-03-03 01:05:46,SHIPPED,EAST
1228,253,2024-06-29 07:08:32,PLACED,NORTH
1229,330,2023-01-01 19:58:51,DELIVERED,CENTRAL
1230,259,2023-06-06 12:40:06,DELIVERED,EAST
1231,14,2023-06-23 06:05:17,DELIVERED,SOUTH
1232,371,2024-05-29 12:28:06,DELIVERED,CENTRAL
1233,283,2024-07-31 05:57:52,DELIVERED,NORTH
1234,124,22-07-2023,RETURNED,SOUTH
1235,102,27-10-2023,DELIVERED,EAST
1236,207,2024-04-13 07:51:19,SHIPPED,SOUTH
1237,259,2023-10-25 19:20:41,DELIVERED,CENTRAL
1238,460,2024-06-23 13:45:22,PLACED,WEST
1239,537,2023-04-16 04:21:20,DELIVERED,NORTH
1240,133,2023-09-17 07:47:33,RETURNED,NORTH
1241,408,2025-12-13 18:51:47,DELIVERED,CENTRAL
1242,522,2023-04-27 11:39:47,DELIVERED,WEST
1243,189,01-08-2025,DELIVERED,CENTRAL
1244,,2025-12-18 07:40:10,DELIVERED,CENTRAL
1245,226,2025-03-26 16:08:52,SHIPPED,NORTH
1246,547,2023-09-23 19:24:34,PLACED,SOUTH
1247,277,2024-03-07 11:30:46,PLACED,SOUTH
1248,2,2023-11-23 04:20:16,DELIVERED,EAST
1249,563,2024-05-19 04:32:37,PLACED,CENTRAL
1250,59,2024-04-03 02:29:42,PLACED,EAST
1251,287,2023-12-07 15:20:08,RETURNED,CENTRAL
1252,598,2025-10-18 02:34:33,DELIVERED,WEST
1253,565,2025-10-12 16:21:08,DELIVERED,EAST
1254,405,2024-02-22 13:20:53,SHIPPED,WEST
1255,491,2024-07-26 15:53:44,SHIPPED,SOUTH
1256,503,2023-10-01 13:52:38,SHIPPED,EAST
1257,182,2023-02-02 16:42:01,DELIVERED,SOUTH
1258,437,2023-04-18 21:26:14,RETURNED,WEST
1259,141,2023-06-05 16:59:12,CANCELLED,CENTRAL
1260,22,2023-06-04 22:12:06,PLACED,NORTH
1261,86,2023-07-25 07:59:31,RETURNED,CENTRAL
1262,10,2023-01-21 23:12:03,PLACED,EAST
1263,492,2023-05-12 23:43:55,CANCELLED,SOUTH
1264,159,2024-04-22 12:08:35,DELIVERED,EAST
1265,22,2025-09-01 18:22:05,PLACED,EAST
1266,426,2023-06-09 07:56:27,RETURNED,NORTH
1267,151,2023-12-19 03:03:42,SHIPPED,WEST
1268,116,2025-12-02 20:30:10,RETURNED,SOUTH
1269,289,2023-06-08 01:00:08,DELIVERED,NORTH
1270,87,2024-07-14 00:10:19,DELIVERED,SOUTH
1271,186,2024-10-27 20:25:30,SHIPPED,EAST
1272,357,2025-08-28 12:40:35,SHIPPED,WEST
1273,272,2025-10-24 23:08:47,DELIVERED,NORTH
1274,153,2023-01-04 09:13:48,PLACED,SOUTH
1275,490,2024-08-29 18:36:27,PLACED,WEST
1276,331,2024-03-08 14:20:35,SHIPPED,WEST
1277,435,2024-07-01 18:12:26,RETURNED,CENTRAL
1278,252,2025-09-15 22:19:27,DELIVERED,CENTRAL
1279,550,2025-04-09 04:24:43,DELIVERED,CENTRAL
1280,225,2024-10-17 07:21:48,SHIPPED,NORTH
1281,18,2023-11-12 18:48:54,DELIVERED,SOUTH
1282,358,2023-06-21 02:55:30,CANCELLED,SOUTH
1283,565,2024-04-02 19:06:40,RETURNED,SOUTH
1284,58,2023-11-24 08:51:30,PLACED,SOUTH
1285,435,2024-08-09 08:45:28,DELIVERED,CENTRAL
1286,162,25-04-2023,DELIVERED,NORTH
1287,583,2024-01-16 15:58:11,DELIVERED,SOUTH
1288,541,2024-12-30 18:05:55,SHIPPED,WEST
1289,14,2024-06-08 00:50:04,SHIPPED,NORTH
1290,516,2025-07-27 13:13:27,DELIVERED,WEST
1291,466,2025-11-22 04:38:28,CANCELLED,CENTRAL
1292,233,2025-02-18 15:09:38,SHIPPED,NORTH
1293,129,2025-03-21 02:58:05,DELIVERED,NORTH
1294,573,2023-12-07 01:25:21,PLACED,WEST
1295,415,2025-01-11 15:22:06,SHIPPED,EAST
1296,277,2025-10-01 12:45:17,PLACED,CENTRAL
1297,,2024-06-05 03:17:24,DELIVERED,NORTH
1298,317,2023-11-26 04:34:31,SHIPPED,NORTH
1299,584,2024-01-09 08:20:38,DELIVERED,WEST
1300,,2023-03-12 23:05:48,SHIPPED,EAST
1301,513,2024-03-14 16:42:58,DELIVERED,EAST
1302,100,2023-07-21 04:44:22,CANCELLED,CENTRAL
1303,154,06-06-2023,DELIVERED,WEST
1304,39,2025-06-29 21:01:05,SHIPPED,WEST
1305,96,2023-05-03 08:07:09,SHIPPED,SOUTH
1306,165,2025-11-24 14:39:37,DELIVERED,CENTRAL
1307,350,2025-10-08 21:45:45,PLACED,EAST
1308,442,13-07-2024,DELIVERED,WEST
1309,77,2024-01-07 10:41:25,DELIVERED,WEST
1310,147,2023-06-01 07:33:37,SHIPPED,NORTH
1311,322,2025-02-14 00:47:50,SHIPPED,NORTH
1312,362,2024-03-11 03:31:50,SHIPPED,WEST
1313,263,2024-02-05 16:51:10,DELIVERED,SOUTH
1314,500,12-07-2023,CANCELLED,WEST
1315,133,2024-09-27 09:51:50,DELIVERED,CENTRAL
1316,424,2024-05-02 05:32:54,SHIPPED,NORTH
1317,59,2025-08-22 02:09:23,SHIPPED,CENTRAL
1318,108,2023-01-13 08:08:04,SHIPPED,WEST
1319,474,2023-04-24 08:50:32,SHIPPED,WEST
1320,477,2025-09-25 01:33:27,SHIPPED,NORTH
1321,205,2024-09-08 15:10:39,PLACED,EAST
1322,488,2025-07-27 20:31:30,DELIVERED,CENTRAL
1323,150,2023-08-30 22:26:58,SHIPPED,NORTH
1324,64,2025-07-22 17:47:24,DELIVERED,WEST
1325,217,2025-01-05 09:59:26,RETURNED,WEST
1326,181,2024-02-24 04:40:00,PLACED,WEST
1327,463,2023-05-07 22:20:11,DELIVERED,EAST
1328,95,2023-10-13 22:56:09,DELIVERED,EAST
1329,430,2023-09-13 14:14:43,DELIVERED,SOUTH
1330,585,2025-12-18 06:29:20,PLACED,CENTRAL
1331,593,2023-11-05 10:51:09,SHIPPED,EAST
1332,470,2023-01-23 00:55:17,DELIVERED,EAST
1333,417,2023-06-26 11:34:16,DELIVERED,WEST
1334,593,2023-07-15 07:04:37,SHIPPED,SOUTH
1335,171,2024-10-14 17:18:02,SHIPPED,SOUTH
1336,591,2023-10-24 22:55:26,DELIVERED,EAST
1337,315,2023-01-26 03:39:15,CANCELLED,WEST
1338,424,2025-10-05 01:10:50,DELIVERED,CENTRAL
1339,344,2024-10-23 12:48:31,SHIPPED,WEST
1340,167,2024-08-02 14:58:38,DELIVERED,WEST
1341,102,2025-09-12 01:13:52,CANCELLED,NORTH
1342,422,2023-05-20 05:56:40,DELIVERED,CENTRAL
1343,455,2025-04-26 05:08:45,CANCELLED,EAST
1344,466,2024-10-15 10:37:40,PLACED,WEST
1345,476,2023-07-13 07:28:49,CANCELLED,WEST
1346,230,2023-01-12 19:32:23,SHIPPED,EAST
1347,425,2024-04-22 12:34:44,PLACED,WEST
1348,,2023-02-20 18:11:52,DELIVERED,CENTRAL
1349,175,2025-07-20 23:35:45,RETURNED,SOUTH
1350,198,2025-05-13 07:28:23,DELIVERED,NORTH
1351,400,2025-06-16 15:56:39,SHIPPED,EAST
1352,237,2025-03-14 13:29:14,CANCELLED,CENTRAL
1353,402,2023-07-03 21:15:18,DELIVERED,EAST
1354,331,2025-05-08 21:48:41,PLACED,WEST
1355,157,18-01-2023,DELIVERED,NORTH
1356,134,2025-06-07 06:01:09,DELIVERED,EAST
1357,228,2023-10-17 19:16:51,DELIVERED,SOUTH
1358,53,2024-08-10 08:50:56,RETURNED,NORTH
1359,106,2025-09-18 16:46:34,RETURNED,NORTH
1360,269,2023-06-16 08:06:25,PLACED,WEST
1361,213,2024-07-15 09:52:06,DELIVERED,NORTH
1362,79,2024-10-04 17:32:11,DELIVERED,EAST
1363,165,2025-09-11 04:31:22,PLACED,SOUTH
1364,33,2025-10-21 18:08:44,SHIPPED,EAST
1365,560,21-01-2025,DELIVERED,EAST
1366,31,2023-07-08 21:20:18,DELIVERED,SOUTH
1367,118,2023-12-03 00:29:30,PLACED,SOUTH
1368,130,2023-12-08 09:17:17,DELIVERED,NORTH
1369,302,2024-06-25 11:00:42,CANCELLED,WEST
1370,198,2025-03-07 09:13:16,SHIPPED,EAST
1371,320,2024-09-02 05:36:43,SHIPPED,WEST
1372,434,2024-11-04 08:59:42,SHIPPED,EAST
1373,393,2025-08-25 15:48:14,DELIVERED,EAST
1374,461,2025-09-09 20:42:30,PLACED,CENTRAL
1375,301,2024-01-29 02:53:49,CANCELLED,CENTRAL
1376,118,2024-07-01 04:57:22,SHIPPED,SOUTH
1377,221,2024-07-09 17:40:56,DELIVERED,EAST
1378,,2023-07-09 23:48:32,DELIVERED,SOUTH
1379,330,2024-12-23 22:29:53,DELIVERED,WEST
1380,540,2024-03-16 13:54:20,DELIVERED,CENTRAL
1381,432,2025-11-08 21:33:16,DELIVERED,EAST
1382,506,2023-11-04 19:34:58,RETURNED,WEST
1383,176,2023-07-05 06:17:55,DELIVERED,SOUTH
1384,,14-06-2025,DELIVERED,CENTRAL
1385,292,2023-01-08 05:15:11,RETURNED,NORTH
1386,41,2025-04-08 17:05:29,PLACED,WEST
1387,426,2023-05-28 18:19:25,SHIPPED,EAST
1388,321,2024-09-13 21:55:08,PLACED,EAST
1389,506,2025-12-17 21:47:47,RETURNED,NORTH
1390,106,03-08-2024,PLACED,NORTH
1391,331,2023-08-04 12:23:39,DELIVERED,SOUTH
1392,378,2023-09-22 09:11:50,DELIVERED,NORTH
1393,266,2025-12-05 03:29:36,PLACED,NORTH
1394,338,2024-04-17 16:45:25,DELIVERED,WEST
1395,142,2024-02-24 07:03:02,PLACED,EAST
1396,424,2023-08-18 21:53:42,DELIVERED,CENTRAL
1397,490,2025-03-30 13:56:27,RETURNED,EAST
1398,271,2025-01-19 20:35:44,DELIVERED,EAST
1399,249,2025-05-17 14:57:25,DELIVERED,SOUTH
1400,507,15-12-2025,PLACED,SOUTH
1401,193,2024-12-28 05:54:41,SHIPPED,CENTRAL
1402,321,2025-03-30 16:01:04,SHIPPED,WEST
1403,517,2025-10-14 22:57:26,PLACED,EAST
1404,526,2024-08-21 23:18:20,DELIVERED,NORTH
1405,315,2024-03-07 14:34:03,DELIVERED,NORTH
1406,110,2023-08-17 19:21:33,SHIPPED,WEST
1407,488,2023-10-18 12:58:30,DELIVERED,EAST
1408,87,2023-07-03 19:31:12,SHIPPED,WEST
1409,342,19-02-2025,SHIPPED,NORTH
1410,433,2023-03-18 07:51:47,SHIPPED,SOUTH
1411,506,2025-07-11 19:45:29,PLACED,NORTH
1412,114,2025-10-01 01:28:58,PLACED,NORTH
1413,68,2025-06-12 14:08:51,SHIPPED,CENTRAL
1414,402,2025-12-22 15:42:28,SHIPPED,EAST
1415,209,2025-02-08 05:20:15,SHIPPED,CENTRAL
1416,97,2024-03-23 08:37:17,RETURNED,CENTRAL
1417,245,2025-01-10 14:50:19,DELIVERED,SOUTH
1418,467,2023-10-19 00:42:21,PLACED,WEST
1419,182,2024-10-26 18:06:32,CANCELLED,SOUTH
1420,10,2025-11-21 02:31:15,RETURNED,CENTRAL
1421,254,2023-01-02 13:31:26,PLACED,NORTH
1422,298,2025-05-31 05:14:11,DELIVERED,SOUTH
1423,103,2023-08-16 17:00:31,DELIVERED,WEST
1424,559,2025-02-01 05:11:58,DELIVERED,EAST
1425,,2024-12-13 15:28:05,DELIVERED,CENTRAL
1426,496,2025-10-28 09:21:58,DELIVERED,NORTH
1427,226,2023-08-18 18:07:33,PLACED,WEST
1428,442,2023-02-18 00:12:35,DELIVERED,SOUTH
1429,281,2024-08-09 20:35:39,DELIVERED,WEST
1430,358,2025-03-29 12:30:44,DELIVERED,WEST
1431,43,2024-03-05 03:14:22,DELIVERED,CENTRAL
1432,466,2023-07-11 00:19:41,DELIVERED,EAST
1433,9,2024-03-24 00:38:58,DELIVERED,WEST
1434,297,2025-11-23 18:39:07,DELIVERED,EAST
1435,302,26-01-2025,PLACED,EAST
1436,501,2025-07-10 07:18:45,DELIVERED,NORTH
1437,359,2023-03-19 12:28:59,DELIVERED,CENTRAL
1438,575,2025-10-30 13:09:03,PLACED,EAST
1439,202,2023-08-10 14:09:47,RETURNED,EAST
1440,,2023-12-06 23:36:32,SHIPPED,WEST
1441,101,2024-10-18 10:18:04,RETURNED,CENTRAL
1442,447,2024-04-27 17:04:13,SHIPPED,CENTRAL
1443,205,2023-08-05 04:52:14,DELIVERED,SOUTH
1444,305,2024-04-12 16:24:53,DELIVERED,CENTRAL
1445,448,2023-10-12 20:36:36,DELIVERED,EAST
1446,367,2025-02-21 15:35:27,DELIVERED,WEST
1447,573,29-09-2024,DELIVERED,NORTH
1448,310,2023-08-07 09:24:38,DELIVERED,EAST
1449,580,2023-07-17 17:09:02,PLACED,WEST
1450,7,2023-07-15 15:13:42,DELIVERED,CENTRAL
1451,87,15-12-2024,CANCELLED,NORTH
1452,298,2024-06-02 01:09:51,DELIVERED,NORTH
1453,524,2023-07-08 15:42:40,PLACED,SOUTH
1454,508,2025-03-12 23:43:05,CANCELLED,SOUTH
1455,7,2024-04-12 10:04:28,DELIVERED,SOUTH
1456,157,2023-06-28 04:39:23,PLACED,NORTH
1457,486,20-01-2024,DELIVERED,WEST
1458,308,2023-03-28 10:54:00,RETURNED,SOUTH
1459,450,2025-04-29 07:10:15,DELIVERED,WEST
1460,190,2023-08-16 04:27:35,DELIVERED,SOUTH
1461,560,2023-09-23 06:58:18,DELIVERED,EAST
1462,505,2025-11-02 23:31:42,SHIPPED,WEST
1463,476,2025-12-19 18:22:40,DELIVERED,NORTH
1464,578,2024-03-16 06:44:46,DELIVERED,NORTH
1465,456,29-09-2025,RETURNED,SOUTH
1466,470,2024-12-27 20:50:28,RETURNED,EAST
1467,516,2025-02-16 17:09:05,RETURNED,CENTRAL
1468,179,2024-08-29 19:31:49,DELIVERED,CENTRAL
1469,144,2024-06-11 01:41:17,DELIVERED,EAST
1470,496,2024-09-03 22:43:39,DELIVERED,SOUTH
1471,520,2025-06-13 20:17:19,DELIVERED,SOUTH
1472,595,2025-12-19 22:42:10,DELIVERED,WEST
1473,,2023-04-15 23:11:28,SHIPPED,NORTH
1474,488,2025-10-30 10:43:36,SHIPPED,SOUTH
1475,179,2023-06-13 18:46:57,DELIVERED,WEST
1476,257,2023-04-10 23:53:02,CANCELLED,NORTH
1477,31,2024-11-16 21:22:25,SHIPPED,WEST
1478,588,2024-08-09 15:01:39,SHIPPED,WEST
1479,231,2024-11-10 15:44:09,SHIPPED,CENTRAL
1480,25,2023-10-26 17:18:27,DELIVERED,SOUTH
1481,6,2023-02-21 15:14:48,DELIVERED,CENTRAL
1482,541,2023-04-22 19:03:14,CANCELLED,CENTRAL
1483,366,2025-01-05 22:02:29,DELIVERED,SOUTH
1484,386,2023-04-15 07:42:28,DELIVERED,SOUTH
1485,121,2025-03-14 12:21:39,PLACED,CENTRAL
1486,,2024-05-29 01:35:03,SHIPPED,EAST
1487,70,2024-08-29 12:09:05,SHIPPED,EAST
1488,248,2023-04-27 03:53:35,RETURNED,CENTRAL
1489,59,2024-04-30 01:07:32,CANCELLED,CENTRAL
1490,270,2025-01-01 15:21:31,PLACED,WEST
1491,61,2024-02-10 06:21:09,DELIVERED,EAST
1492,64,2025-10-27 10:57:47,PLACED,CENTRAL
1493,37,2025-08-05 14:30:43,PLACED,WEST
1494,83,2025-07-18 04:33:35,DELIVERED,SOUTH
1495,107,25-02-2024,DELIVERED,EAST
1496,234,01-11-2024,PLACED,SOUTH
1497,389,2025-04-09 19:53:32,DELIVERED,CENTRAL
1498,387,2025-01-19 00:43:30,DELIVERED,WEST
1499,449,2025-05-03 16:31:11,DELIVERED,EAST
1500,448,2024-06-30 11:38:53,SHIPPED,NORTH
1206,37,2025-09-25 19:47:40,CANCELLED,WEST
21,578,2023-04-30 12:26:15,CANCELLED,WEST
466,63,2024-12-28 02:30:34,DELIVERED,WEST
846,512,2023-03-10 14:29:04,CANCELLED,EAST
1099,567,2025-07-13 14:02:38,SHIPPED,WEST
